dia,fecha,banda,rango_prob,afluente_ralco_m3s,afluente_pangue_m3s,cota_ralco_msnm,cota_pangue_msnm,gen_ralco_MWh,gen_pangue_MWh,vert_ralco_MWh,vert_pangue_MWh
1,01-Jan,1,0-20%,214.0,15.3,724.42,509.962,15360.0,9600.0,0.0,333.1
2,02-Jan,1,0-20%,214.0,15.3,724.03,508.598,12376.3,9579.1,0.0,206.1
3,03-Jan,1,0-20%,214.0,15.3,723.64,507.732,12316.3,8881.6,0.0,240.5
4,04-Jan,1,0-20%,214.0,15.3,723.24,507.58,12256.9,8248.3,0.0,0.0
5,05-Jan,1,0-20%,214.0,15.3,722.85,507.52,12198.0,8120.2,0.0,0.0
6,06-Jan,1,0-20%,214.0,15.3,722.45,507.565,12135.1,7980.9,0.0,0.0
7,07-Jan,1,0-20%,214.0,15.3,722.06,507.643,12071.2,7926.0,0.0,0.0
8,08-Jan,1,0-20%,183.9,13.2,721.66,507.531,10918.6,7450.9,0.0,0.0
9,09-Jan,1,0-20%,183.9,13.2,721.26,507.409,10846.7,7432.0,0.0,0.0
10,10-Jan,1,0-20%,183.9,13.2,720.86,507.279,10775.5,7413.2,0.0,0.0
11,11-Jan,1,0-20%,183.9,13.2,720.46,507.174,10705.0,7354.7,0.0,0.0
12,12-Jan,1,0-20%,183.9,13.2,720.06,507.096,10635.1,7294.8,0.0,0.0
13,13-Jan,1,0-20%,183.9,13.2,719.66,507.039,10566.0,7244.5,0.0,0.0
14,14-Jan,1,0-20%,183.9,13.2,719.26,507.001,10497.4,7197.5,0.0,0.0
15,15-Jan,1,0-20%,183.9,13.2,718.86,507.0,10429.6,7130.2,0.0,0.0
16,16-Jan,1,0-20%,159.8,14.6,718.46,507.0,9491.3,6612.4,0.0,0.0
17,17-Jan,1,0-20%,159.8,14.6,718.06,507.0,9427.2,6589.5,0.0,0.0
18,18-Jan,1,0-20%,159.8,14.6,717.66,507.0,9363.7,6566.7,0.0,0.0
19,19-Jan,1,0-20%,159.8,14.6,717.27,507.0,9300.9,6544.1,0.0,0.0
20,20-Jan,1,0-20%,159.8,14.6,716.87,507.0,9238.7,6521.6,0.0,0.0
21,21-Jan,1,0-20%,159.8,14.6,716.47,507.0,9177.1,6499.3,0.0,0.0
22,22-Jan,1,0-20%,159.8,14.6,716.07,507.0,9116.2,6477.1,0.0,0.0
23,23-Jan,1,0-20%,159.8,14.6,715.67,507.0,9056.0,6455.1,0.0,0.0
24,24-Jan,1,0-20%,140.1,13.2,715.27,507.0,8305.3,5979.7,0.0,0.0
25,25-Jan,1,0-20%,140.1,13.2,715.27,507.0,0.0,3320.7,3981.0,0.0
26,26-Jan,1,0-20%,140.1,13.2,715.27,507.0,0.0,3320.7,3981.0,0.0
27,27-Jan,1,0-20%,140.1,13.2,715.27,507.0,0.0,3320.7,3980.2,0.0
28,28-Jan,1,0-20%,140.1,13.2,715.27,507.0,0.0,3320.7,3980.2,0.0
29,29-Jan,1,0-20%,140.1,13.2,715.27,507.0,0.0,3320.7,3980.2,0.0
30,30-Jan,1,0-20%,140.1,13.2,715.27,507.0,0.0,3320.7,3979.2,0.0
31,31-Jan,1,0-20%,140.1,13.2,715.27,507.0,0.0,3320.7,3978.1,0.0
32,01-Feb,1,0-20%,122.8,12.5,715.27,507.0,0.0,2929.0,3366.8,0.0
33,02-Feb,1,0-20%,122.8,12.5,715.26,507.0,0.0,2992.3,3467.2,0.0
34,03-Feb,1,0-20%,122.8,12.5,715.23,507.0,0.0,3110.7,3656.3,0.0
35,04-Feb,1,0-20%,122.8,12.5,715.2,507.0,0.0,3109.3,3652.5,0.0
36,05-Feb,1,0-20%,122.8,12.5,715.17,507.0,0.0,3107.8,3648.7,0.0
37,06-Feb,1,0-20%,122.8,12.5,715.15,507.0,0.0,3106.3,3645.0,0.0
38,07-Feb,1,0-20%,122.8,12.5,715.12,507.0,0.0,3104.8,3640.6,0.0
39,08-Feb,1,0-20%,106.4,11.5,715.09,507.0,0.0,2727.8,3062.5,0.0
40,09-Feb,1,0-20%,106.4,11.5,715.06,507.0,0.0,2726.9,3060.3,0.0
41,10-Feb,1,0-20%,106.4,11.5,715.03,507.0,0.0,2725.9,3056.8,0.0
42,11-Feb,1,0-20%,106.4,11.5,715.01,507.0,0.0,2726.6,3052.8,0.0
43,12-Feb,1,0-20%,106.4,11.5,714.98,507.0,0.0,2724.1,3049.4,0.0
44,13-Feb,1,0-20%,106.4,11.5,714.95,507.0,0.0,2723.2,3046.3,0.0
45,14-Feb,1,0-20%,106.4,11.5,714.93,507.0,0.0,2659.0,2943.2,0.0
46,15-Feb,1,0-20%,99.2,11.7,714.92,507.0,0.0,2506.7,2689.4,0.0
47,16-Feb,1,0-20%,99.2,11.7,714.9,507.112,0.0,2374.4,2686.6,0.0
48,17-Feb,1,0-20%,99.2,11.7,714.87,507.0,0.0,2736.1,2840.3,0.0
49,18-Feb,1,0-20%,99.2,11.7,714.82,507.0,0.0,2684.0,2966.6,0.0
50,19-Feb,1,0-20%,99.2,11.7,714.78,507.0,0.0,2682.6,2962.4,0.0
51,20-Feb,1,0-20%,99.2,11.7,714.73,507.0,0.0,2681.1,2958.0,0.0
52,21-Feb,1,0-20%,99.2,11.7,714.69,507.157,0.0,2493.1,2953.2,0.0
53,22-Feb,1,0-20%,89.3,13.2,714.62,507.0,0.0,2823.6,2825.8,0.0
54,23-Feb,1,0-20%,89.3,13.2,714.55,507.0,0.0,2671.9,2879.3,0.0
55,24-Feb,1,0-20%,89.3,13.2,714.46,507.0,0.0,2755.2,3009.6,0.0
56,25-Feb,1,0-20%,89.3,13.2,714.36,507.0,0.0,2845.0,3149.0,0.0
57,26-Feb,1,0-20%,89.3,13.2,714.26,507.0,0.0,2858.7,3167.3,0.0
58,27-Feb,1,0-20%,89.3,13.2,714.13,507.0,0.0,3017.8,3417.6,0.0
59,28-Feb,1,0-20%,89.3,13.2,714.0,507.0,0.0,3013.7,3406.7,0.0
60,01-Mar,1,0-20%,80.1,12.3,713.89,507.0,0.0,2729.4,2980.5,0.0
61,02-Mar,1,0-20%,80.1,12.3,713.77,507.0,0.0,2725.7,2971.1,0.0
62,03-Mar,1,0-20%,80.1,12.3,713.65,507.0,0.0,2722.0,2961.7,0.0
63,04-Mar,1,0-20%,80.1,12.3,713.52,507.877,0.0,1727.7,3035.6,0.0
64,05-Mar,1,0-20%,80.1,12.3,713.39,507.0,0.0,3874.2,3124.8,0.0
65,06-Mar,1,0-20%,80.1,12.3,713.25,507.0,0.0,2824.0,3114.7,0.0
66,07-Mar,1,0-20%,80.1,12.3,713.13,507.0,0.0,2762.7,3015.0,0.0
67,08-Mar,1,0-20%,80.1,13.0,712.98,507.0,0.0,2941.5,3273.1,0.0
68,09-Mar,1,0-20%,80.1,13.0,712.82,507.0,0.0,2936.7,3261.6,0.0
69,10-Mar,1,0-20%,80.1,13.0,712.68,507.0,0.0,2868.6,3150.8,0.0
70,11-Mar,1,0-20%,80.1,13.0,712.54,507.0,0.0,2864.3,3140.1,0.0
71,12-Mar,1,0-20%,80.1,13.0,712.37,507.0,0.0,3000.8,3354.1,0.0
72,13-Mar,1,0-20%,80.1,13.0,712.18,507.0,0.0,3211.3,3685.6,0.0
73,14-Mar,1,0-20%,80.1,13.0,711.98,507.0,0.0,3205.3,3671.5,0.0
74,15-Mar,1,0-20%,80.1,13.0,711.79,507.0,0.0,3135.9,3558.2,0.0
75,16-Mar,1,0-20%,78.5,11.7,711.61,507.0,0.0,3068.5,3488.0,0.0
76,17-Mar,1,0-20%,78.5,11.7,711.42,507.0,0.0,3062.9,3474.8,0.0
77,18-Mar,1,0-20%,78.5,11.7,711.24,507.0,0.0,2993.9,3362.0,0.0
78,19-Mar,1,0-20%,78.5,11.7,711.06,507.0,0.0,2988.7,3349.5,0.0
79,20-Mar,1,0-20%,78.5,11.7,710.89,507.0,0.0,2983.4,3337.2,0.0
80,21-Mar,1,0-20%,78.5,11.7,710.71,507.0,0.0,2978.2,3324.6,0.0
81,22-Mar,1,0-20%,78.5,11.7,710.53,507.0,0.0,2972.9,3312.4,0.0
82,23-Mar,1,0-20%,78.5,11.7,710.36,507.0,0.0,2904.5,3200.8,0.0
83,24-Mar,1,0-20%,71.1,12.2,710.19,507.0,0.0,2750.0,2942.9,0.0
84,25-Mar,1,0-20%,71.1,12.2,710.03,507.0,0.0,2681.7,2832.4,0.0
85,26-Mar,1,0-20%,71.1,12.2,709.88,507.0,0.0,2677.2,2821.5,0.0
86,27-Mar,1,0-20%,71.1,12.2,709.72,507.0,0.0,2672.7,2811.2,0.0
87,28-Mar,1,0-20%,71.1,12.2,709.56,507.0,0.0,2668.2,2800.8,0.0
88,29-Mar,1,0-20%,71.1,12.2,709.4,507.0,0.0,2663.7,2790.2,0.0
89,30-Mar,1,0-20%,71.1,12.2,709.25,507.0,0.0,2659.2,2780.1,0.0
90,31-Mar,1,0-20%,71.1,12.2,709.09,507.005,0.0,2648.8,2769.9,0.0
91,01-Apr,1,0-20%,70.5,11.6,708.93,507.013,0.0,2616.7,2737.5,0.0
92,02-Apr,1,0-20%,70.5,11.6,708.77,507.02,0.0,2612.2,2727.5,0.0
93,03-Apr,1,0-20%,70.5,11.6,708.61,507.028,0.0,2607.8,2717.5,0.0
94,04-Apr,1,0-20%,70.5,11.6,708.43,507.035,0.0,2778.8,2985.3,0.0
95,05-Apr,1,0-20%,70.5,11.6,708.27,507.043,0.0,2599.0,2697.2,0.0
96,06-Apr,1,0-20%,70.5,11.6,708.08,507.051,0.0,2770.0,2965.6,0.0
97,07-Apr,1,0-20%,70.5,11.6,707.9,507.058,0.0,2763.7,2951.5,0.0
98,08-Apr,1,0-20%,83.0,12.8,707.71,507.068,0.0,3052.5,3348.2,0.0
99,09-Apr,1,0-20%,83.0,12.8,707.49,507.077,0.0,3291.4,3723.2,0.0
100,10-Apr,1,0-20%,83.0,12.8,707.26,507.087,0.0,3356.5,3822.0,0.0
101,11-Apr,1,0-20%,83.0,12.8,707.05,507.097,0.0,3210.0,3586.0,0.0
102,12-Apr,1,0-20%,83.0,12.8,706.84,507.106,0.0,3204.8,3574.2,0.0
103,13-Apr,1,0-20%,83.0,12.8,706.63,507.116,0.0,3136.3,3463.2,0.0
104,14-Apr,1,0-20%,83.0,12.8,706.43,507.125,0.0,3129.9,3448.1,0.0
105,15-Apr,1,0-20%,83.0,12.8,706.2,507.135,0.0,3280.3,3687.5,0.0
106,16-Apr,1,0-20%,98.8,17.3,705.98,507.131,0.0,3694.8,4116.0,0.0
107,17-Apr,1,0-20%,98.8,17.3,705.76,507.128,0.0,3688.6,4100.8,0.0
108,18-Apr,1,0-20%,98.8,17.3,705.54,507.124,0.0,3682.4,4085.5,0.0
109,19-Apr,1,0-20%,98.8,17.3,705.32,507.12,0.0,3676.1,4070.3,0.0
110,20-Apr,1,0-20%,98.8,17.3,705.07,507.117,0.0,3845.3,4333.4,0.0
111,21-Apr,1,0-20%,98.8,17.3,704.85,507.113,0.0,3663.7,4040.2,0.0
112,22-Apr,1,0-20%,98.8,17.3,704.63,507.109,0.0,3657.6,4025.2,0.0
113,23-Apr,1,0-20%,133.9,26.9,704.43,507.158,0.0,4428.5,4930.6,0.0
114,24-Apr,1,0-20%,133.9,26.9,704.24,507.103,0.0,4423.3,4915.1,120.3
115,25-Apr,1,0-20%,133.9,26.9,704.05,507.1,0.0,4418.1,4902.8,59.2
116,26-Apr,1,0-20%,133.9,26.9,703.86,507.098,0.0,4412.9,4887.5,59.8
117,27-Apr,1,0-20%,133.9,26.9,703.65,507.147,0.0,4519.0,5045.5,0.0
118,28-Apr,1,0-20%,133.9,26.9,703.43,507.248,0.0,4514.4,5122.6,0.0
119,29-Apr,1,0-20%,133.9,26.9,703.21,507.351,0.0,4509.9,5109.9,0.0
120,30-Apr,1,0-20%,133.9,26.9,702.98,507.456,0.0,4503.9,5093.2,0.0
121,01-May,1,0-20%,174.3,27.6,702.82,507.178,0.0,5544.6,5961.2,0.0
122,02-May,1,0-20%,174.3,27.6,702.57,507.192,0.0,5586.7,6542.0,0.0
123,03-May,1,0-20%,174.3,27.6,702.33,507.282,0.0,5455.4,6482.7,0.0
124,04-May,1,0-20%,174.3,27.6,702.15,507.49,0.0,5020.4,6023.7,0.0
125,05-May,1,0-20%,174.3,27.6,702.08,507.279,0.0,4957.4,5155.4,0.0
126,06-May,1,0-20%,174.3,27.6,701.92,507.407,0.0,4958.8,5734.6,0.0
127,07-May,1,0-20%,174.3,27.6,701.76,507.5,0.0,4956.8,5674.4,0.0
128,08-May,1,0-20%,217.3,34.5,701.6,507.388,0.0,5612.1,7072.8,715.1
129,09-May,1,0-20%,217.3,34.5,701.5,507.703,0.0,5350.4,6786.5,263.3
130,10-May,1,0-20%,217.3,34.5,701.41,507.305,0.0,5260.3,6542.4,1040.8
131,11-May,1,0-20%,217.3,34.5,701.38,507.513,0.0,4652.7,5899.2,526.2
132,12-May,1,0-20%,217.3,34.5,701.32,507.383,0.0,4648.3,6038.8,1040.8
133,13-May,1,0-20%,217.3,34.5,701.4,507.68,0.0,4646.0,5281.0,0.0
134,14-May,1,0-20%,217.3,34.5,701.39,507.346,0.0,4643.4,5668.9,1040.8
135,15-May,1,0-20%,217.3,34.5,701.32,507.429,0.0,4641.0,6017.1,783.5
136,16-May,1,0-20%,265.2,42.5,701.38,507.427,0.0,5335.3,6700.3,856.9
137,17-May,1,0-20%,265.2,42.5,701.31,507.612,0.0,5333.2,7581.0,1254.0
138,18-May,1,0-20%,265.2,42.5,701.46,507.661,0.0,5331.1,6244.6,487.8
139,19-May,1,0-20%,265.2,42.5,701.71,507.34,0.0,5392.8,5595.3,400.9
140,20-May,1,0-20%,265.2,42.5,701.72,507.524,0.0,5391.1,7067.2,810.8
141,21-May,1,0-20%,265.2,42.5,701.69,507.28,0.0,5290.3,7134.5,1498.7
142,22-May,1,0-20%,265.2,42.5,701.91,507.25,0.0,5089.3,5471.6,307.1
143,23-May,1,0-20%,265.2,42.5,702.1,507.648,0.0,5086.5,5822.8,0.0
144,24-May,1,0-20%,514.9,82.2,702.53,507.214,0.0,6617.1,11308.7,4235.9
145,25-May,1,0-20%,514.9,82.2,702.64,508.062,12804.3,8702.4,2540.8,3048.2
146,26-May,1,0-20%,514.9,82.2,702.46,507.47,12782.0,8698.7,4121.1,5868.0
147,27-May,1,0-20%,514.9,82.2,702.37,507.827,12759.9,8695.0,3682.0,4419.3
148,28-May,1,0-20%,514.9,82.2,702.29,507.849,12737.9,8691.4,3656.8,4809.5
149,29-May,1,0-20%,514.9,82.2,702.1,507.55,12716.0,8687.8,4226.8,5596.5
150,30-May,1,0-20%,514.9,82.2,702.14,507.913,12694.3,8682.2,2810.9,3798.7
151,31-May,1,0-20%,514.9,82.2,702.15,507.905,12672.7,8678.5,3002.7,4350.4
152,01-Jun,1,0-20%,493.5,73.2,702.11,508.17,13465.5,9283.0,1798.8,2927.0
153,02-Jun,1,0-20%,493.5,73.2,702.03,507.629,13447.3,9199.9,1989.0,4070.2
154,03-Jun,1,0-20%,493.5,73.2,702.01,508.414,13429.3,9106.9,1696.1,2388.3
155,04-Jun,1,0-20%,493.5,73.2,701.92,507.588,13411.5,9104.1,1983.6,4467.2
156,05-Jun,1,0-20%,493.5,73.2,701.84,508.194,13393.8,9101.4,1978.2,2760.2
157,06-Jun,1,0-20%,493.5,73.2,701.77,508.026,13376.3,9098.6,1897.4,3610.7
158,07-Jun,1,0-20%,493.5,73.2,701.81,508.276,13359.0,9096.0,1319.7,2676.5
159,08-Jun,1,0-20%,514.8,78.8,701.84,507.72,14524.3,9446.2,1162.3,4126.1
160,09-Jun,1,0-20%,514.8,78.8,701.89,508.072,14508.7,9444.5,1028.9,2902.3
161,10-Jun,1,0-20%,514.8,78.8,702.05,507.79,14493.2,9442.8,456.1,3228.1
162,11-Jun,1,0-20%,514.8,78.8,702.09,508.611,14477.8,9441.1,1139.0,2406.0
163,12-Jun,1,0-20%,514.8,78.8,702.28,508.572,14462.4,9439.4,260.5,2796.4
164,13-Jun,1,0-20%,514.8,78.8,702.47,508.037,14348.8,9437.7,291.9,3330.0
165,14-Jun,1,0-20%,514.8,78.8,702.62,508.201,14334.8,9436.0,456.1,2608.5
166,15-Jun,1,0-20%,514.8,78.8,702.85,508.519,14320.9,9434.4,9.3,2100.8
167,16-Jun,1,0-20%,504.9,83.1,702.77,508.625,12973.2,9222.0,2821.9,3767.2
168,17-Jun,1,0-20%,504.9,83.1,702.69,508.526,12955.3,8954.9,2829.9,4277.0
169,18-Jun,1,0-20%,504.9,83.1,702.63,508.216,12739.7,8832.1,2840.4,4465.0
170,19-Jun,1,0-20%,504.9,83.1,702.63,507.81,12725.4,8750.2,2571.8,4447.3
171,20-Jun,1,0-20%,504.9,83.1,702.69,508.206,12712.3,8739.1,2193.8,3228.1
172,21-Jun,1,0-20%,504.9,83.1,702.79,507.467,12699.3,8736.4,1901.3,4356.4
173,22-Jun,1,0-20%,504.9,83.1,702.92,508.414,12686.4,8733.6,1888.0,2287.8
174,23-Jun,1,0-20%,526.2,73.5,702.96,508.5,12925.1,8801.4,2821.0,3837.1
175,24-Jun,1,0-20%,526.2,73.5,702.99,507.42,12907.3,8798.8,2866.1,5162.8
176,25-Jun,1,0-20%,526.2,73.5,703.03,507.452,12889.5,8796.1,2914.6,3818.4
177,26-Jun,1,0-20%,526.2,73.5,703.06,508.063,12872.0,8793.8,2962.3,3149.3
178,27-Jun,1,0-20%,526.2,73.5,703.33,507.653,12854.7,8791.6,1687.5,3387.4
179,28-Jun,1,0-20%,526.2,73.5,703.46,507.767,12838.6,8789.4,2563.1,3334.2
180,29-Jun,1,0-20%,526.2,73.5,703.75,508.097,12822.6,8787.2,1367.9,2343.6
181,30-Jun,1,0-20%,526.2,73.5,704.03,508.459,12806.8,8785.0,1362.2,2293.5
182,01-Jul,1,0-20%,514.7,83.6,704.07,507.578,13578.5,9083.3,1801.5,4521.3
183,02-Jul,1,0-20%,514.7,83.6,704.09,508.458,13711.3,9082.2,1793.7,2531.0
184,03-Jul,1,0-20%,514.7,83.6,704.18,508.076,13559.9,9081.2,1456.8,3689.2
185,04-Jul,1,0-20%,514.7,83.6,704.26,508.311,13696.6,9080.1,1448.4,3027.5
186,05-Jul,1,0-20%,514.7,83.6,704.29,508.048,13352.7,9079.0,1770.5,3665.6
187,06-Jul,1,0-20%,514.7,83.6,704.31,508.768,13682.2,9078.0,1740.8,2641.5
188,07-Jul,1,0-20%,514.7,83.6,704.32,507.631,13675.2,9077.0,1755.8,4855.2
189,08-Jul,1,0-20%,491.8,78.3,704.2,508.818,13604.2,9165.9,2619.0,2505.3
190,09-Jul,1,0-20%,491.8,78.3,704.25,508.266,13391.6,9165.0,1721.4,3804.4
191,10-Jul,1,0-20%,491.8,78.3,704.29,508.006,13380.7,9078.6,1713.6,3505.0
192,11-Jul,1,0-20%,491.8,78.3,704.33,508.605,13212.7,9045.6,1701.7,2407.3
193,12-Jul,1,0-20%,491.8,78.3,704.34,507.485,13456.5,9044.1,1698.4,4569.5
194,13-Jul,1,0-20%,491.8,78.3,704.36,508.351,13185.7,9042.6,1708.9,2071.8
195,14-Jul,1,0-20%,491.8,78.3,704.36,508.131,13429.7,9041.1,1634.2,3436.9
196,15-Jul,1,0-20%,491.8,78.3,704.47,508.923,13062.2,9039.7,1111.9,1625.4
197,16-Jul,1,0-20%,582.2,85.4,704.72,508.317,14168.0,9475.8,2399.8,4629.2
198,17-Jul,1,0-20%,582.2,85.4,705.01,508.237,14158.1,9475.3,2164.4,3772.9
199,18-Jul,1,0-20%,582.2,85.4,705.23,508.101,14149.7,9474.9,2493.2,4009.5
200,19-Jul,1,0-20%,582.2,85.4,705.6,509.115,14058.0,9403.6,1671.3,2057.0
201,20-Jul,1,0-20%,582.2,85.4,706.07,507.775,13964.7,9389.0,1084.6,4353.4
202,21-Jul,1,0-20%,582.2,85.4,706.67,508.421,14122.1,9388.1,98.2,1367.6
203,22-Jul,1,0-20%,582.2,85.4,707.18,508.031,13948.5,9387.2,479.8,2735.1
204,23-Jul,1,0-20%,582.2,85.4,707.66,508.501,14096.0,9381.2,479.8,1793.1
205,24-Jul,1,0-20%,527.8,86.5,707.79,508.118,14551.1,9487.3,1555.1,3815.9
206,25-Jul,1,0-20%,527.8,86.5,707.92,508.76,14614.4,9486.9,1472.3,2590.8
207,26-Jul,1,0-20%,527.8,86.5,708.3,507.426,14598.9,9486.5,55.9,3869.7
208,27-Jul,1,0-20%,527.8,86.5,708.6,508.421,14413.2,9463.5,535.3,1335.7
209,28-Jul,1,0-20%,527.8,86.5,708.95,508.489,14568.3,9408.6,0.0,2203.8
210,29-Jul,1,0-20%,527.8,86.5,709.3,508.413,14324.0,9406.5,0.0,2222.6
211,30-Jul,1,0-20%,527.8,86.5,709.62,507.646,14538.1,9404.4,0.0,3132.9
212,31-Jul,1,0-20%,527.8,86.5,709.93,508.604,14523.1,9402.3,0.0,1054.1
213,01-Aug,1,0-20%,445.7,68.0,709.99,508.123,13791.8,9277.5,0.0,2036.1
214,02-Aug,1,0-20%,445.7,68.0,710.06,508.001,13772.8,9275.4,0.0,1602.9
215,03-Aug,1,0-20%,445.7,68.0,710.12,508.585,13682.0,9273.3,0.0,718.7
216,04-Aug,1,0-20%,445.7,68.0,710.19,507.949,13735.2,9191.2,0.0,2266.0
217,05-Aug,1,0-20%,445.7,68.0,710.25,508.072,13716.5,9181.4,0.0,1361.2
218,06-Aug,1,0-20%,445.7,68.0,710.3,507.807,13697.9,9178.2,0.0,1817.9
219,07-Aug,1,0-20%,445.7,68.0,710.36,508.246,13679.3,9158.1,0.0,983.3
220,08-Aug,1,0-20%,450.1,68.3,710.47,507.58,13287.1,9035.6,345.2,2378.2
221,09-Aug,1,0-20%,450.1,68.3,710.62,508.178,13136.7,8956.8,0.0,659.8
222,10-Aug,1,0-20%,450.1,68.3,710.74,507.866,13250.0,8953.3,0.0,1810.4
223,11-Aug,1,0-20%,450.1,68.3,710.86,507.87,13227.7,8949.9,0.0,1412.7
224,12-Aug,1,0-20%,450.1,68.3,710.99,508.184,13075.1,8899.6,0.0,984.7
225,13-Aug,1,0-20%,450.1,68.3,711.11,507.991,12901.2,8879.6,0.0,1500.4
226,14-Aug,1,0-20%,450.1,68.3,711.24,507.816,12882.9,8874.5,0.0,1464.8
227,15-Aug,1,0-20%,450.1,68.3,711.37,507.84,12602.8,8869.5,0.0,1070.1
228,16-Aug,1,0-20%,386.6,52.5,711.31,508.56,12773.1,8834.1,0.0,14.2
229,17-Aug,1,0-20%,386.6,52.5,711.28,507.559,12398.2,8712.8,0.0,1936.0
230,18-Aug,1,0-20%,386.6,52.5,711.22,507.354,12628.9,8678.9,0.0,1144.6
231,19-Aug,1,0-20%,386.6,52.5,711.15,508.045,12886.0,8675.4,0.0,248.9
232,20-Aug,1,0-20%,386.6,52.5,711.09,507.246,12594.7,8671.9,0.0,1847.7
233,21-Aug,1,0-20%,386.6,52.5,711.03,507.682,12669.4,8668.4,0.0,424.2
234,22-Aug,1,0-20%,386.6,52.5,710.96,507.858,12711.0,8665.0,0.0,764.8
235,23-Aug,1,0-20%,386.6,52.5,710.89,507.59,12698.4,8661.6,0.0,1286.5
236,24-Aug,1,0-20%,530.8,69.5,711.25,508.198,13540.1,9163.4,1076.4,1506.9
237,25-Aug,1,0-20%,530.8,69.5,711.5,508.064,13821.4,9161.4,1456.7,2825.0
238,26-Aug,1,0-20%,530.8,69.5,711.72,508.324,14005.4,9096.2,1456.7,2521.3
239,27-Aug,1,0-20%,530.8,69.5,711.94,507.54,13882.5,9094.6,1456.7,3666.8
240,28-Aug,1,0-20%,530.8,69.5,712.38,507.905,14090.7,9093.0,0.0,1350.8
241,29-Aug,1,0-20%,530.8,69.5,712.83,508.31,13789.0,9091.5,0.0,1120.6
242,30-Aug,1,0-20%,530.8,69.5,713.3,508.231,12961.3,9090.0,0.0,1202.8
243,31-Aug,1,0-20%,530.8,69.5,713.69,508.285,13791.2,9088.5,0.0,1509.7
244,01-Sep,1,0-20%,410.9,45.8,713.63,508.494,14151.0,9274.2,0.0,842.7
245,02-Sep,1,0-20%,410.9,45.8,713.58,507.766,13855.2,9272.7,0.0,1784.8
246,03-Sep,1,0-20%,410.9,45.8,713.55,507.421,13591.4,9271.2,0.0,1174.0
247,04-Sep,1,0-20%,410.9,45.8,713.48,508.031,14170.2,9269.8,0.0,395.0
248,05-Sep,1,0-20%,410.9,45.8,713.41,508.522,14156.7,9268.3,0.0,536.7
249,06-Sep,1,0-20%,410.9,45.8,713.37,507.649,13622.5,9266.9,0.0,1844.6
250,07-Sep,1,0-20%,410.9,45.8,713.26,507.73,14074.4,9265.5,225.7,1117.9
251,08-Sep,1,0-20%,423.4,45.7,713.23,508.219,14109.9,9502.8,39.8,348.5
252,09-Sep,1,0-20%,423.4,45.7,713.1,508.536,14276.7,9502.4,624.1,1055.7
253,10-Sep,1,0-20%,423.4,45.7,713.1,508.003,13666.9,9502.0,0.0,1279.9
254,11-Sep,1,0-20%,423.4,45.7,713.07,507.97,14126.5,9501.5,0.0,950.1
255,12-Sep,1,0-20%,423.4,45.7,712.93,507.575,14313.1,9500.5,614.8,1899.6
256,13-Sep,1,0-20%,423.4,45.7,712.81,507.59,14012.5,9499.2,611.6,1251.1
257,14-Sep,1,0-20%,423.4,45.7,712.67,508.227,14325.8,9498.3,608.2,713.5
258,15-Sep,1,0-20%,423.4,45.7,712.61,508.27,14244.1,9497.5,37.0,992.6
259,16-Sep,1,0-20%,406.3,40.0,712.46,508.057,14277.2,9600.0,278.2,1305.9
260,17-Sep,1,0-20%,406.3,40.0,712.29,508.382,14726.1,9600.0,64.5,799.7
261,18-Sep,1,0-20%,406.3,40.0,712.1,508.411,14594.8,9600.0,277.4,1227.7
262,19-Sep,1,0-20%,406.3,40.0,712.01,508.077,14014.6,9600.0,64.8,1145.9
263,20-Sep,1,0-20%,406.3,40.0,711.82,508.768,14673.1,9600.0,284.5,499.8
264,21-Sep,1,0-20%,406.3,40.0,711.62,508.91,14653.9,9600.0,288.2,1156.4
265,22-Sep,1,0-20%,406.3,40.0,711.57,508.52,13577.5,9600.0,0.0,928.7
266,23-Sep,1,0-20%,430.7,38.2,711.51,508.166,14871.6,9600.0,0.0,1656.9
267,24-Sep,1,0-20%,430.7,38.2,711.43,508.61,14861.8,9600.0,112.4,805.8
268,25-Sep,1,0-20%,430.7,38.2,711.39,507.981,14638.6,9600.0,0.0,1872.8
269,26-Sep,1,0-20%,430.7,38.2,711.31,508.157,14935.7,9600.0,0.0,1103.1
270,27-Sep,1,0-20%,430.7,38.2,711.23,509.211,14931.0,9600.0,0.0,69.7
271,28-Sep,1,0-20%,430.7,38.2,711.14,508.225,14992.3,9600.0,0.0,2521.6
272,29-Sep,1,0-20%,430.7,38.2,711.08,508.814,14705.2,9600.0,0.0,477.0
273,30-Sep,1,0-20%,430.7,38.2,711.09,508.543,14040.6,9600.0,0.0,1071.0
274,01-Oct,1,0-20%,420.3,44.5,711.0,507.706,14550.5,9600.0,0.0,2203.3
275,02-Oct,1,0-20%,420.3,44.5,710.9,508.347,14508.9,9600.0,0.0,438.1
276,03-Oct,1,0-20%,420.3,44.5,710.78,508.528,14753.2,9600.0,0.0,1135.5
277,04-Oct,1,0-20%,420.3,44.5,710.66,508.592,14368.1,9548.4,239.6,1268.1
278,05-Oct,1,0-20%,420.3,44.5,710.56,508.921,14117.9,9535.5,237.1,811.3
279,06-Oct,1,0-20%,420.3,44.5,710.52,508.077,13433.1,9534.0,234.5,1797.5
280,07-Oct,1,0-20%,420.3,44.5,710.37,507.555,14593.3,9532.5,232.0,2102.1
281,08-Oct,1,0-20%,498.7,54.4,710.3,507.859,14986.5,9600.0,1541.0,2470.7
282,09-Oct,1,0-20%,498.7,54.4,710.32,507.808,14273.8,9600.0,1496.8,2406.6
283,10-Oct,1,0-20%,498.7,54.4,710.21,508.297,15151.8,9600.0,1665.2,2459.0
284,11-Oct,1,0-20%,498.7,54.4,710.17,509.147,14662.6,9600.0,1487.5,1649.9
285,12-Oct,1,0-20%,498.7,54.4,710.25,508.007,13454.6,9600.0,1655.3,3320.9
286,13-Oct,1,0-20%,498.7,54.4,710.22,508.625,14545.6,9600.0,1538.9,1851.9
287,14-Oct,1,0-20%,498.7,54.4,710.19,508.206,14726.4,9600.0,1472.7,3171.8
288,15-Oct,1,0-20%,498.7,54.4,710.08,508.356,15065.3,9600.0,1647.3,2821.4
289,16-Oct,1,0-20%,520.5,53.0,710.22,507.804,14192.7,9600.0,1245.3,2755.7
290,17-Oct,1,0-20%,520.5,53.0,710.36,508.033,14654.4,9600.0,978.8,1943.0
291,18-Oct,1,0-20%,520.5,53.0,710.44,507.918,14496.7,9600.0,1341.1,2491.8
292,19-Oct,1,0-20%,520.5,53.0,710.53,507.731,14501.2,9600.0,1351.2,2559.8
293,20-Oct,1,0-20%,520.5,53.0,710.77,508.036,14608.5,9600.0,339.5,1299.5
294,21-Oct,1,0-20%,520.5,53.0,710.93,508.397,15179.1,9600.0,365.4,1625.4
295,22-Oct,1,0-20%,520.5,53.0,711.16,509.147,15104.2,9600.0,0.0,852.3
296,23-Oct,1,0-20%,520.5,53.0,711.53,508.538,13771.6,9600.0,0.0,1601.1
297,24-Oct,1,0-20%,534.5,50.8,711.67,508.14,14968.4,9600.0,1156.5,2869.3
298,25-Oct,1,0-20%,534.5,50.8,712.07,508.043,14159.8,9600.0,92.3,1221.9
299,26-Oct,1,0-20%,534.5,50.8,712.2,508.887,14863.3,9492.2,1156.5,1419.9
300,27-Oct,1,0-20%,534.5,50.8,712.61,508.69,13836.8,9475.6,92.3,1273.0
301,28-Oct,1,0-20%,534.5,50.8,712.81,508.16,14301.4,9475.1,1156.5,2668.2
302,29-Oct,1,0-20%,534.5,50.8,712.97,508.239,14678.9,9474.5,1156.5,2191.1
303,30-Oct,1,0-20%,534.5,50.8,713.24,508.19,13563.4,9474.0,1156.5,1612.4
304,31-Oct,1,0-20%,534.5,50.8,713.47,508.285,14492.0,9473.5,791.9,1757.6
305,01-Nov,1,0-20%,499.1,44.0,713.55,508.769,14851.8,9520.8,482.2,1118.0
306,02-Nov,1,0-20%,499.1,44.0,713.67,508.501,14402.6,9520.3,484.8,1734.6
307,03-Nov,1,0-20%,499.1,44.0,713.84,508.722,14764.8,9519.8,0.0,995.3
308,04-Nov,1,0-20%,499.1,44.0,714.07,508.548,14215.1,9519.3,0.0,1120.8
309,05-Nov,1,0-20%,499.1,44.0,714.27,508.915,14439.1,9518.8,0.0,610.0
310,06-Nov,1,0-20%,499.1,44.0,714.5,508.447,13807.5,9518.3,322.5,1396.5
311,07-Nov,1,0-20%,499.1,44.0,714.67,509.015,14596.3,9517.8,91.7,499.4
312,08-Nov,1,0-20%,481.8,42.0,714.83,508.973,13773.9,9292.9,550.2,1168.6
313,09-Nov,1,0-20%,481.8,42.0,715.06,508.226,13391.5,9255.7,72.8,1500.2
314,10-Nov,1,0-20%,481.8,42.0,715.3,507.987,12859.0,9254.7,544.2,808.3
315,11-Nov,1,0-20%,481.8,42.0,715.42,508.135,14201.6,9253.7,541.3,1161.1
316,12-Nov,1,0-20%,481.8,42.0,715.67,507.811,13141.5,9252.7,68.7,792.4
317,13-Nov,1,0-20%,481.8,42.0,715.77,507.672,14497.0,9251.7,436.4,1596.0
318,14-Nov,1,0-20%,481.8,42.0,715.87,508.644,14493.6,9250.7,433.8,278.8
319,15-Nov,1,0-20%,481.8,42.0,716.08,507.749,13281.1,9249.7,431.3,1725.5
320,16-Nov,1,0-20%,503.4,41.6,716.31,507.928,14021.6,9256.0,477.6,903.4
321,17-Nov,1,0-20%,503.4,41.6,716.54,508.112,13846.2,9255.1,475.0,784.1
322,18-Nov,1,0-20%,503.4,41.6,716.75,507.48,14085.4,9254.2,472.4,1876.2
323,19-Nov,1,0-20%,503.4,41.6,716.98,507.667,13808.7,9253.3,469.7,740.4
324,20-Nov,1,0-20%,503.4,41.6,717.22,507.869,13669.8,9252.3,466.9,608.0
325,21-Nov,1,0-20%,503.4,41.6,717.44,507.943,14004.8,9251.4,464.2,945.2
326,22-Nov,1,0-20%,503.4,41.6,717.62,508.169,14293.6,9250.5,461.5,911.6
327,23-Nov,1,0-20%,496.1,40.9,717.75,508.311,14133.4,9158.2,1064.6,1388.5
328,24-Nov,1,0-20%,496.1,40.9,717.89,508.097,13967.2,9157.3,1061.0,1700.2
329,25-Nov,1,0-20%,496.1,40.9,718.0,508.178,14300.8,9156.4,1057.3,1548.4
330,26-Nov,1,0-20%,496.1,40.9,718.13,508.672,13989.3,9155.6,1053.3,867.9
331,27-Nov,1,0-20%,496.1,40.9,718.31,508.504,13469.5,9154.7,1049.2,1336.3
332,28-Nov,1,0-20%,496.1,40.9,718.46,508.169,13674.6,9153.8,1044.9,1633.6
333,29-Nov,1,0-20%,496.1,40.9,718.57,508.29,14249.2,9153.0,1041.9,1410.9
334,30-Nov,1,0-20%,496.1,40.9,718.69,508.62,14151.9,9152.1,1068.0,1120.2
335,01-Dec,1,0-20%,450.2,35.9,718.78,508.523,13200.1,9090.3,864.5,870.2
336,02-Dec,1,0-20%,450.2,35.9,718.78,508.455,14161.9,9089.5,982.9,1438.1
337,03-Dec,1,0-20%,450.2,35.9,718.91,508.761,13764.4,9088.7,0.0,130.8
338,04-Dec,1,0-20%,450.2,35.9,719.02,508.588,14081.9,9087.8,0.0,880.4
339,05-Dec,1,0-20%,450.2,35.9,719.16,508.433,13645.7,9087.0,0.0,590.3
340,06-Dec,1,0-20%,450.2,35.9,719.28,508.399,13831.7,9086.2,0.0,549.4
341,07-Dec,1,0-20%,450.2,35.9,719.43,508.488,13490.7,9085.3,0.0,197.8
342,08-Dec,1,0-20%,388.9,27.2,719.38,508.574,13795.9,9014.7,0.0,250.9
343,09-Dec,1,0-20%,388.9,27.2,719.33,508.519,13910.0,8954.6,0.0,542.5
344,10-Dec,1,0-20%,388.9,27.2,719.3,508.568,13447.5,8938.1,0.0,173.7
345,11-Dec,1,0-20%,388.9,27.2,719.24,508.611,13874.4,8935.6,0.0,426.1
346,12-Dec,1,0-20%,388.9,27.2,719.2,508.903,13628.2,8933.2,0.0,0.0
347,13-Dec,1,0-20%,388.9,27.2,719.17,508.835,13493.1,8930.7,0.0,353.5
348,14-Dec,1,0-20%,388.9,27.2,719.14,508.988,13331.0,8928.2,0.0,0.0
349,15-Dec,1,0-20%,388.9,27.2,719.08,509.001,13806.3,8925.8,0.0,446.3
350,16-Dec,1,0-20%,313.7,17.8,718.87,508.843,12994.7,8782.9,0.0,108.7
351,17-Dec,1,0-20%,313.7,17.8,718.78,507.949,11310.6,8780.5,0.0,0.0
352,18-Dec,1,0-20%,313.7,17.8,718.55,508.059,13205.8,8675.3,0.0,0.0
353,19-Dec,1,0-20%,313.7,17.8,718.32,508.075,13187.0,8614.9,0.0,176.2
354,20-Dec,1,0-20%,313.7,17.8,718.1,508.219,13036.2,8566.5,0.0,0.0
355,21-Dec,1,0-20%,313.7,17.8,717.86,508.154,13195.1,8560.8,0.0,355.6
356,22-Dec,1,0-20%,313.7,17.8,717.62,508.396,13173.6,8555.2,0.0,0.0
357,23-Dec,1,0-20%,313.7,17.8,717.38,508.645,13151.6,8549.6,0.0,0.0
358,24-Dec,1,0-20%,269.7,14.0,717.1,508.315,11956.1,8463.5,0.0,0.0
359,25-Dec,1,0-20%,269.7,14.0,716.82,508.098,12088.8,8399.2,0.0,0.0
360,26-Dec,1,0-20%,269.7,14.0,716.54,507.871,12032.0,8376.2,0.0,0.0
361,27-Dec,1,0-20%,269.7,14.0,716.26,507.75,12044.4,8264.4,0.0,0.0
362,28-Dec,1,0-20%,269.7,14.0,715.98,507.648,11943.3,8191.5,0.0,0.0
363,29-Dec,1,0-20%,269.7,14.0,715.7,507.609,11947.0,8131.6,0.0,0.0
364,30-Dec,1,0-20%,269.7,14.0,715.45,507.419,11527.7,8072.4,0.0,0.0
365,31-Dec,1,0-20%,269.7,14.0,716.05,507.214,2063.0,2342.4,0.0,0.0
1,01-Jan,2,20-40%,188.4,16.9,724.36,510.0,15248.8,9600.0,0.0,260.5
2,02-Jan,2,20-40%,188.4,16.9,723.96,508.168,11480.8,9565.7,0.0,284.4
3,03-Jan,2,20-40%,188.4,16.9,723.56,507.394,11411.4,8507.0,0.0,0.0
4,04-Jan,2,20-40%,188.4,16.9,723.17,507.287,11342.7,7689.2,0.0,0.0
5,05-Jan,2,20-40%,188.4,16.9,722.77,507.276,11274.6,7554.2,0.0,0.0
6,06-Jan,2,20-40%,188.4,16.9,722.37,507.289,11207.1,7505.0,0.0,0.0
7,07-Jan,2,20-40%,188.4,16.9,721.97,507.302,11140.2,7484.4,0.0,0.0
8,08-Jan,2,20-40%,162.0,13.9,721.57,507.198,10095.4,6961.8,0.0,0.0
9,09-Jan,2,20-40%,162.0,13.9,721.17,507.163,10026.0,6855.4,0.0,0.0
10,10-Jan,2,20-40%,162.0,13.9,720.77,507.125,9957.3,6833.3,0.0,0.0
11,11-Jan,2,20-40%,162.0,13.9,720.37,507.084,9889.2,6811.3,0.0,0.0
12,12-Jan,2,20-40%,162.0,13.9,719.98,507.04,9821.8,6789.5,0.0,0.0
13,13-Jan,2,20-40%,162.0,13.9,719.58,507.0,9755.0,6758.5,0.0,0.0
14,14-Jan,2,20-40%,162.0,13.9,719.18,507.0,9688.9,6688.4,0.0,0.0
15,15-Jan,2,20-40%,162.0,13.9,718.78,507.0,9623.4,6665.3,0.0,0.0
16,16-Jan,2,20-40%,140.0,12.7,718.38,507.0,8768.7,6140.4,0.0,0.0
17,17-Jan,2,20-40%,140.0,12.7,717.98,507.0,8706.7,6117.5,0.0,0.0
18,18-Jan,2,20-40%,140.0,12.7,717.58,507.0,8645.3,6094.8,0.0,0.0
19,19-Jan,2,20-40%,140.0,12.7,717.18,507.0,8584.6,6072.2,0.0,0.0
20,20-Jan,2,20-40%,140.0,12.7,716.78,507.0,8524.5,6049.8,0.0,0.0
21,21-Jan,2,20-40%,140.0,12.7,716.38,507.0,8465.0,6027.5,0.0,0.0
22,22-Jan,2,20-40%,140.0,12.7,715.98,507.0,8406.1,6005.4,0.0,0.0
23,23-Jan,2,20-40%,140.0,12.7,715.58,507.0,8347.9,5983.5,0.0,0.0
24,24-Jan,2,20-40%,120.2,11.9,715.18,507.0,7593.6,5516.3,0.0,0.0
25,25-Jan,2,20-40%,120.2,11.9,715.18,507.0,0.0,2861.7,3278.2,0.0
26,26-Jan,2,20-40%,120.2,11.9,715.18,507.0,0.0,2861.7,3278.2,0.0
27,27-Jan,2,20-40%,120.2,11.9,715.18,507.0,0.0,2861.7,3277.8,0.0
28,28-Jan,2,20-40%,120.2,11.9,715.18,507.0,0.0,2861.7,3277.8,0.0
29,29-Jan,2,20-40%,120.2,11.9,715.18,507.0,0.0,2861.7,3277.8,0.0
30,30-Jan,2,20-40%,120.2,11.9,715.18,507.0,0.0,2861.7,3277.8,0.0
31,31-Jan,2,20-40%,120.2,11.9,715.18,507.0,0.0,2861.7,3277.8,0.0
32,01-Feb,2,20-40%,108.7,13.4,715.18,507.0,0.0,2643.8,2873.0,0.0
33,02-Feb,2,20-40%,108.7,13.4,715.15,507.0,0.0,2843.1,3194.1,0.0
34,03-Feb,2,20-40%,108.7,13.4,715.15,507.0,0.0,2643.8,2872.6,0.0
35,04-Feb,2,20-40%,108.7,13.4,715.14,507.0,0.0,2721.2,2997.5,0.0
36,05-Feb,2,20-40%,108.7,13.4,715.14,507.0,0.0,2643.8,2872.6,0.0
37,06-Feb,2,20-40%,108.7,13.4,715.14,507.0,0.0,2643.8,2872.6,0.0
38,07-Feb,2,20-40%,108.7,13.4,715.11,507.0,0.0,2841.4,3190.2,0.0
39,08-Feb,2,20-40%,113.8,13.8,715.08,507.0,0.0,2957.6,3360.5,0.0
40,09-Feb,2,20-40%,113.8,13.8,715.05,507.0,0.0,2956.0,3356.5,0.0
41,10-Feb,2,20-40%,113.8,13.8,715.02,507.0,0.0,2954.3,3352.6,0.0
42,11-Feb,2,20-40%,113.8,13.8,714.99,507.12,0.0,2810.4,3348.0,0.0
43,12-Feb,2,20-40%,113.8,13.8,714.96,507.0,0.0,3093.4,3344.2,0.0
44,13-Feb,2,20-40%,113.8,13.8,714.93,507.0,0.0,2949.5,3339.0,0.0
45,14-Feb,2,20-40%,113.8,13.8,714.9,507.0,0.0,2947.9,3334.5,0.0
46,15-Feb,2,20-40%,93.8,12.9,714.86,507.0,0.0,2493.7,2631.5,0.0
47,16-Feb,2,20-40%,93.8,12.9,714.83,507.0,0.0,2492.7,2629.0,0.0
48,17-Feb,2,20-40%,93.8,12.9,714.8,507.0,0.0,2491.7,2626.5,0.0
49,18-Feb,2,20-40%,93.8,12.9,714.78,507.0,0.0,2422.6,2517.3,0.0
50,19-Feb,2,20-40%,93.8,12.9,714.75,507.0,0.0,2539.4,2704.4,0.0
51,20-Feb,2,20-40%,93.8,12.9,714.7,507.0,0.0,2617.5,2828.4,0.0
52,21-Feb,2,20-40%,93.8,12.9,714.65,507.0,0.0,2615.3,2823.1,0.0
53,22-Feb,2,20-40%,90.3,12.4,714.6,507.0,0.0,2527.1,2696.5,0.0
54,23-Feb,2,20-40%,90.3,12.4,714.55,507.0,0.0,2524.9,2691.3,0.0
55,24-Feb,2,20-40%,90.3,12.4,714.5,507.0,0.0,2522.7,2686.1,0.0
56,25-Feb,2,20-40%,90.3,12.4,714.45,507.0,0.0,2520.5,2680.4,0.0
57,26-Feb,2,20-40%,90.3,12.4,714.4,507.0,0.0,2518.3,2675.3,0.0
58,27-Feb,2,20-40%,90.3,12.4,714.35,507.0,0.0,2516.7,2671.5,0.0
59,28-Feb,2,20-40%,90.3,12.4,714.3,507.0,0.0,2515.1,2667.4,0.0
60,01-Mar,2,20-40%,84.4,13.7,714.25,507.0,0.0,2416.8,2459.9,0.0
61,02-Mar,2,20-40%,84.4,13.7,714.2,507.0,0.0,2415.2,2456.2,0.0
62,03-Mar,2,20-40%,84.4,13.7,714.12,507.225,0.0,2335.6,2757.0,0.0
63,04-Mar,2,20-40%,84.4,13.7,714.06,507.779,0.0,1883.5,2647.4,0.0
64,05-Mar,2,20-40%,84.4,13.7,713.99,507.0,0.0,3458.1,2642.5,0.0
65,06-Mar,2,20-40%,84.4,13.7,713.92,507.0,0.0,2531.2,2637.7,0.0
66,07-Mar,2,20-40%,84.4,13.7,713.85,507.0,0.0,2529.1,2632.9,0.0
67,08-Mar,2,20-40%,80.3,11.9,713.78,507.0,0.0,2397.1,2483.1,0.0
68,09-Mar,2,20-40%,80.3,11.9,713.72,507.0,0.0,2395.0,2478.3,0.0
69,10-Mar,2,20-40%,80.3,11.9,713.65,507.0,0.0,2392.8,2473.5,0.0
70,11-Mar,2,20-40%,80.3,11.9,713.58,507.0,0.0,2390.7,2468.8,0.0
71,12-Mar,2,20-40%,80.3,11.9,713.51,507.0,0.0,2388.6,2464.1,0.0
72,13-Mar,2,20-40%,80.3,11.9,713.44,507.0,0.0,2386.5,2459.4,0.0
73,14-Mar,2,20-40%,80.3,11.9,713.38,507.0,0.0,2316.0,2347.5,0.0
74,15-Mar,2,20-40%,80.3,11.9,713.33,507.0,0.0,2314.2,2343.5,0.0
75,16-Mar,2,20-40%,72.8,10.0,713.27,507.0,0.0,2109.6,2080.1,0.0
76,17-Mar,2,20-40%,72.8,10.0,713.21,507.0,0.0,2107.9,2076.3,0.0
77,18-Mar,2,20-40%,72.8,10.0,713.15,507.0,0.0,2106.1,2072.3,0.0
78,19-Mar,2,20-40%,72.8,10.0,713.1,507.0,0.0,2104.4,2068.4,0.0
79,20-Mar,2,20-40%,72.8,10.0,713.04,507.0,0.0,2102.6,2064.0,0.0
80,21-Mar,2,20-40%,72.8,10.0,712.98,507.0,0.0,2100.9,2060.0,0.0
81,22-Mar,2,20-40%,72.8,10.0,712.92,507.0,0.0,2099.1,2055.9,0.0
82,23-Mar,2,20-40%,72.8,10.0,712.87,507.0,0.0,2097.4,2051.7,0.0
83,24-Mar,2,20-40%,74.0,10.0,712.81,507.0,0.0,2121.4,2080.0,0.0
84,25-Mar,2,20-40%,74.0,10.0,712.75,507.0,0.0,2119.7,2075.9,0.0
85,26-Mar,2,20-40%,74.0,10.0,712.69,507.0,0.0,2117.9,2071.7,0.0
86,27-Mar,2,20-40%,74.0,10.0,712.61,507.0,0.0,2319.8,2398.0,0.0
87,28-Mar,2,20-40%,74.0,10.0,712.55,507.0,0.0,2114.5,2063.5,0.0
88,29-Mar,2,20-40%,74.0,10.0,712.49,507.0,0.0,2112.8,2059.5,0.0
89,30-Mar,2,20-40%,74.0,10.0,712.43,507.0,0.0,2111.1,2055.5,0.0
90,31-Mar,2,20-40%,74.0,10.0,712.38,507.029,0.0,2075.3,2051.0,0.0
91,01-Apr,2,20-40%,66.4,10.5,712.32,507.025,0.0,1958.8,1791.2,0.0
92,02-Apr,2,20-40%,66.4,10.5,712.26,507.021,0.0,1957.1,1787.0,0.0
93,03-Apr,2,20-40%,66.4,10.5,712.18,507.017,0.0,2103.3,2015.4,0.0
94,04-Apr,2,20-40%,66.4,10.5,712.1,507.013,0.0,2136.0,2064.8,0.0
95,05-Apr,2,20-40%,66.4,10.5,712.02,507.008,0.0,2065.3,1952.1,0.0
96,06-Apr,2,20-40%,66.4,10.5,711.92,507.004,0.0,2257.4,2257.6,0.0
97,07-Apr,2,20-40%,66.4,10.5,711.84,507.0,0.0,2060.7,1940.9,0.0
98,08-Apr,2,20-40%,73.6,12.5,711.77,507.0,0.0,2253.9,2180.3,0.0
99,09-Apr,2,20-40%,73.6,12.5,711.69,507.0,0.0,2251.6,2174.7,0.0
100,10-Apr,2,20-40%,73.6,12.5,711.62,507.0,0.0,2249.4,2169.3,0.0
101,11-Apr,2,20-40%,73.6,12.5,711.54,507.0,0.0,2247.1,2163.8,0.0
102,12-Apr,2,20-40%,73.6,12.5,711.47,507.0,0.0,2244.8,2158.3,0.0
103,13-Apr,2,20-40%,73.6,12.5,711.39,507.0,0.0,2242.5,2152.9,0.0
104,14-Apr,2,20-40%,73.6,12.5,711.29,507.0,0.0,2433.7,2456.5,0.0
105,15-Apr,2,20-40%,73.6,12.5,711.2,507.0,0.0,2359.9,2337.4,0.0
106,16-Apr,2,20-40%,83.2,19.2,711.09,507.0,0.0,2813.0,2807.5,0.0
107,17-Apr,2,20-40%,83.2,19.2,710.94,507.0,0.0,3061.1,3199.2,0.0
108,18-Apr,2,20-40%,83.2,19.2,710.81,507.0,0.0,2963.6,3040.0,0.0
109,19-Apr,2,20-40%,83.2,19.2,710.67,507.0,0.0,2959.6,3030.5,0.0
110,20-Apr,2,20-40%,83.2,19.2,710.53,507.0,0.0,3001.0,3094.6,0.0
111,21-Apr,2,20-40%,83.2,19.2,710.4,507.015,0.0,2933.9,3011.6,0.0
112,22-Apr,2,20-40%,83.2,19.2,710.26,507.032,0.0,2927.8,3002.2,0.0
113,23-Apr,2,20-40%,96.9,16.3,710.13,507.057,0.0,3149.0,3455.8,0.0
114,24-Apr,2,20-40%,96.9,16.3,710.01,507.082,0.0,3077.2,3339.2,0.0
115,25-Apr,2,20-40%,96.9,16.3,709.88,507.107,0.0,3073.8,3330.0,0.0
116,26-Apr,2,20-40%,96.9,16.3,709.71,507.265,0.0,3238.1,3841.3,0.0
117,27-Apr,2,20-40%,96.9,16.3,709.59,507.316,0.0,3035.1,3311.9,0.0
118,28-Apr,2,20-40%,96.9,16.3,709.46,507.388,0.0,3007.1,3302.9,0.0
119,29-Apr,2,20-40%,96.9,16.3,709.3,507.83,0.0,2840.7,3738.1,0.0
120,30-Apr,2,20-40%,96.9,16.3,709.14,508.154,0.0,2883.1,3581.7,0.0
121,01-May,2,20-40%,141.9,16.3,709.09,508.154,0.0,3019.7,3948.4,597.6
122,02-May,2,20-40%,141.9,16.3,709.06,508.385,0.0,3324.9,4116.7,108.5
123,03-May,2,20-40%,141.9,16.3,708.95,508.126,0.0,3320.3,4465.6,948.4
124,04-May,2,20-40%,141.9,16.3,708.83,508.385,0.0,3315.7,4564.1,394.2
125,05-May,2,20-40%,141.9,16.3,708.71,508.154,0.0,3311.0,4502.8,949.0
126,06-May,2,20-40%,141.9,16.3,708.63,508.362,0.0,3238.3,4233.6,332.5
127,07-May,2,20-40%,141.9,16.3,708.7,508.357,0.0,3166.6,3369.0,48.8
128,08-May,2,20-40%,163.7,20.0,708.61,508.122,0.0,3638.6,4936.0,1011.1
129,09-May,2,20-40%,163.7,20.0,708.51,508.334,0.0,3637.0,4904.5,470.4
130,10-May,2,20-40%,163.7,20.0,708.43,508.097,0.0,3577.7,4829.9,1011.1
131,11-May,2,20-40%,163.7,20.0,708.42,508.243,0.0,3225.7,4124.8,470.4
132,12-May,2,20-40%,163.7,20.0,708.4,507.955,0.0,3224.9,4168.2,1011.1
133,13-May,2,20-40%,163.7,20.0,708.36,508.202,0.0,3223.8,4307.5,456.9
134,14-May,2,20-40%,163.7,20.0,708.34,507.894,0.0,3223.2,4124.9,1011.1
135,15-May,2,20-40%,163.7,20.0,708.43,508.047,0.0,3291.5,3580.5,0.0
136,16-May,2,20-40%,259.6,37.8,708.54,508.216,0.0,4447.6,5972.3,886.9
137,17-May,2,20-40%,259.6,37.8,708.92,508.414,0.0,3994.3,4031.7,0.0
138,18-May,2,20-40%,259.6,37.8,709.3,508.076,0.0,3996.9,3923.3,536.2
139,19-May,2,20-40%,259.6,37.8,709.69,508.154,0.0,3998.7,3876.0,0.0
140,20-May,2,20-40%,259.6,37.8,710.11,508.089,0.0,4000.4,3656.5,0.0
141,21-May,2,20-40%,259.6,37.8,710.53,507.526,0.0,4002.1,3555.1,517.2
142,22-May,2,20-40%,259.6,37.8,710.82,507.868,0.0,4003.7,4393.5,0.0
143,23-May,2,20-40%,259.6,37.8,711.17,507.617,0.0,4005.3,3910.5,353.1
144,24-May,2,20-40%,399.7,46.3,712.31,507.0,0.0,4104.6,2674.9,0.0
145,25-May,2,20-40%,399.7,46.3,712.57,507.603,11261.7,7555.1,0.0,328.9
146,26-May,2,20-40%,399.7,46.3,712.81,507.576,11234.8,7547.1,0.0,1057.7
147,27-May,2,20-40%,399.7,46.3,713.05,507.248,10894.0,7539.5,0.0,1200.9
148,28-May,2,20-40%,399.7,46.3,713.25,507.893,11184.4,7532.0,0.0,218.2
149,29-May,2,20-40%,399.7,46.3,713.43,508.087,11148.2,7524.5,0.0,725.3
150,30-May,2,20-40%,399.7,46.3,713.6,507.619,11135.0,7517.1,0.0,1487.0
151,31-May,2,20-40%,399.7,46.3,713.76,508.22,10968.7,7509.7,0.0,119.7
152,01-Jun,2,20-40%,324.5,36.2,713.57,508.271,12319.7,8539.5,0.0,434.1
153,02-Jun,2,20-40%,324.5,36.2,713.38,507.358,12283.1,8501.0,0.0,1580.7
154,03-Jun,2,20-40%,324.5,36.2,713.22,507.587,11855.5,8369.6,0.0,123.2
155,04-Jun,2,20-40%,324.5,36.2,713.02,507.513,12212.3,8299.1,0.0,754.7
156,05-Jun,2,20-40%,324.5,36.2,712.83,507.963,12178.0,8264.3,0.0,144.3
157,06-Jun,2,20-40%,324.5,36.2,712.65,508.149,12038.2,8188.5,0.0,463.2
158,07-Jun,2,20-40%,324.5,36.2,712.46,508.111,12000.2,8181.4,0.0,730.5
159,08-Jun,2,20-40%,364.6,41.7,712.42,507.451,12269.7,8243.8,0.0,1682.5
160,09-Jun,2,20-40%,364.6,41.7,712.4,507.615,11740.8,8239.1,0.0,401.6
161,10-Jun,2,20-40%,364.6,41.7,712.37,507.302,11973.1,8235.0,0.0,1095.2
162,11-Jun,2,20-40%,364.6,41.7,712.31,508.057,12203.4,8215.6,0.0,0.0
163,12-Jun,2,20-40%,364.6,41.7,712.27,508.202,11954.9,8148.7,0.0,636.7
164,13-Jun,2,20-40%,364.6,41.7,712.25,508.191,11719.3,8075.9,0.0,745.1
165,14-Jun,2,20-40%,364.6,41.7,712.2,507.732,12004.7,8071.8,0.0,1441.4
166,15-Jun,2,20-40%,364.6,41.7,712.16,507.971,11813.1,8067.7,0.0,498.5
167,16-Jun,2,20-40%,388.3,42.4,712.19,508.662,12775.8,8507.8,0.0,149.5
168,17-Jun,2,20-40%,388.3,42.4,712.21,507.669,12740.3,8506.1,0.0,2120.1
169,18-Jun,2,20-40%,388.3,42.4,712.24,507.862,12397.4,8504.4,0.0,492.5
170,19-Jun,2,20-40%,388.3,42.4,712.24,508.445,12552.5,8502.7,0.0,130.5
171,20-Jun,2,20-40%,388.3,42.4,712.26,508.168,12200.3,8501.1,0.0,933.7
172,21-Jun,2,20-40%,388.3,42.4,712.25,508.676,12305.1,8499.4,0.0,79.2
173,22-Jun,2,20-40%,388.3,42.4,712.26,508.992,12098.8,8497.8,0.0,189.8
174,23-Jun,2,20-40%,398.3,48.5,712.31,508.362,12788.4,8647.8,0.0,1735.9
175,24-Jun,2,20-40%,398.3,48.5,712.4,507.889,12252.0,8646.3,0.0,1228.4
176,25-Jun,2,20-40%,398.3,48.5,712.47,508.174,12393.7,8644.7,0.0,387.3
177,26-Jun,2,20-40%,398.3,48.5,712.48,507.564,13026.8,8643.2,0.0,1827.6
178,27-Jun,2,20-40%,398.3,48.5,712.49,508.236,13069.4,8641.7,0.0,320.1
179,28-Jun,2,20-40%,398.3,48.5,712.57,508.402,12051.9,8640.2,0.0,334.2
180,29-Jun,2,20-40%,398.3,48.5,712.68,508.307,11825.4,8638.8,0.0,482.9
181,30-Jun,2,20-40%,398.3,48.5,712.7,508.413,12705.9,8637.4,0.0,786.6
182,01-Jul,2,20-40%,394.0,54.1,712.65,507.713,13080.7,8839.6,0.0,1935.4
183,02-Jul,2,20-40%,394.0,54.1,712.58,508.622,13330.8,8838.7,0.0,176.7
184,03-Jul,2,20-40%,394.0,54.1,712.54,508.508,12948.8,8837.8,0.0,1158.1
185,04-Jul,2,20-40%,394.0,54.1,712.49,509.051,13052.2,8786.1,0.0,498.2
186,05-Jul,2,20-40%,394.0,54.1,712.56,507.931,11632.7,8749.3,0.0,1628.4
187,06-Jul,2,20-40%,394.0,54.1,712.49,508.515,13186.7,8747.9,0.0,523.8
188,07-Jul,2,20-40%,394.0,54.1,712.42,508.0,13242.6,8746.4,0.0,1876.4
189,08-Jul,2,20-40%,483.1,72.7,712.7,508.419,12619.6,8854.6,365.9,975.3
190,09-Jul,2,20-40%,483.1,72.7,713.02,508.268,12990.1,8853.2,0.0,1593.2
191,10-Jul,2,20-40%,483.1,72.7,713.41,508.352,11901.7,8851.8,0.0,651.9
192,11-Jul,2,20-40%,483.1,72.7,713.75,508.503,12596.4,8850.4,0.0,957.6
193,12-Jul,2,20-40%,483.1,72.7,714.0,507.44,13463.2,8849.0,0.0,2877.3
194,13-Jul,2,20-40%,483.1,72.7,714.32,508.144,12588.4,8809.4,0.0,283.4
195,14-Jul,2,20-40%,483.1,72.7,714.58,508.316,13246.0,8784.3,0.0,1313.3
196,15-Jul,2,20-40%,483.1,72.7,714.97,508.741,11533.1,8781.1,0.0,0.0
197,16-Jul,2,20-40%,413.6,50.7,714.93,507.971,13666.8,8969.4,649.6,2504.2
198,17-Jul,2,20-40%,413.6,50.7,714.91,508.296,13423.1,8968.6,649.6,1058.0
199,18-Jul,2,20-40%,413.6,50.7,714.86,508.547,13708.0,8967.7,649.6,1323.0
200,19-Jul,2,20-40%,413.6,50.7,714.81,508.856,13519.5,8966.8,651.6,1148.8
201,20-Jul,2,20-40%,413.6,50.7,714.83,508.045,12742.5,8965.9,669.9,2016.6
202,21-Jul,2,20-40%,413.6,50.7,714.94,508.388,12989.8,8905.7,0.0,365.3
203,22-Jul,2,20-40%,413.6,50.7,715.1,508.043,12357.9,8900.8,0.0,803.0
204,23-Jul,2,20-40%,413.6,50.7,715.15,508.868,13554.8,8898.9,0.0,123.5
205,24-Jul,2,20-40%,410.3,41.8,715.2,508.952,13619.0,9210.0,0.0,597.8
206,25-Jul,2,20-40%,410.3,41.8,715.24,508.846,13735.3,9208.6,0.0,886.5
207,26-Jul,2,20-40%,410.3,41.8,715.41,507.9,11910.6,9207.2,0.0,774.3
208,27-Jul,2,20-40%,410.3,41.8,715.44,507.621,13693.7,9148.1,0.0,1073.5
209,28-Jul,2,20-40%,410.3,41.8,715.46,508.254,13755.8,9113.5,0.0,75.8
210,29-Jul,2,20-40%,410.3,41.8,715.48,508.295,13645.5,9042.2,0.0,771.3
211,30-Jul,2,20-40%,410.3,41.8,715.5,507.792,13676.5,9039.4,0.0,1432.3
212,31-Jul,2,20-40%,410.3,41.8,715.51,508.359,13654.9,9036.5,0.0,155.4
213,01-Aug,2,20-40%,364.1,40.7,715.36,508.475,13671.3,9150.5,0.0,571.2
214,02-Aug,2,20-40%,364.1,40.7,715.2,508.564,13639.7,9147.8,0.0,587.0
215,03-Aug,2,20-40%,364.1,40.7,715.15,508.398,12376.9,9145.0,0.0,133.9
216,04-Aug,2,20-40%,364.1,40.7,715.0,508.637,13590.6,9142.3,0.0,389.7
217,05-Aug,2,20-40%,364.1,40.7,714.85,507.929,13564.1,9116.9,0.0,1515.1
218,06-Aug,2,20-40%,364.1,40.7,714.76,507.687,12678.8,9073.3,0.0,471.1
219,07-Aug,2,20-40%,364.1,40.7,714.63,508.126,13221.2,9069.7,0.0,0.0
220,08-Aug,2,20-40%,342.5,33.6,714.45,508.228,12962.1,8981.9,0.0,188.2
221,09-Aug,2,20-40%,342.5,33.6,714.34,507.768,12011.8,8877.1,0.0,405.7
222,10-Aug,2,20-40%,342.5,33.6,714.16,507.689,12978.3,8871.9,0.0,519.5
223,11-Aug,2,20-40%,342.5,33.6,713.97,508.11,12952.0,8790.2,0.0,0.0
224,12-Aug,2,20-40%,342.5,33.6,713.83,508.404,12474.5,8664.4,0.0,0.0
225,13-Aug,2,20-40%,342.5,33.6,713.71,508.24,12162.0,8642.2,0.0,403.8
226,14-Aug,2,20-40%,342.5,33.6,713.56,508.067,12349.2,8635.6,0.0,539.5
227,15-Aug,2,20-40%,342.5,33.6,713.45,507.871,11953.9,8629.0,0.0,350.8
228,16-Aug,2,20-40%,312.0,29.6,713.15,507.907,12989.6,8860.2,0.0,397.3
229,17-Aug,2,20-40%,312.0,29.6,713.0,507.457,11367.3,8850.8,0.0,0.0
230,18-Aug,2,20-40%,312.0,29.6,712.74,507.569,12457.1,8842.7,0.0,0.0
231,19-Aug,2,20-40%,312.0,29.6,712.46,507.749,12782.2,8836.3,0.0,139.9
232,20-Aug,2,20-40%,312.0,29.6,712.23,507.4,12134.3,8830.3,0.0,391.0
233,21-Aug,2,20-40%,312.0,29.6,711.96,507.629,12536.8,8790.2,0.0,0.0
234,22-Aug,2,20-40%,312.0,29.6,711.68,507.937,12616.3,8757.8,0.0,0.0
235,23-Aug,2,20-40%,312.0,29.6,711.4,508.154,12581.0,8750.3,0.0,96.3
236,24-Aug,2,20-40%,422.3,42.5,711.55,507.786,12830.3,8865.5,0.0,1179.3
237,25-Aug,2,20-40%,422.3,42.5,711.67,507.973,13184.9,8859.6,0.0,732.4
238,26-Aug,2,20-40%,422.3,42.5,711.78,507.924,13246.4,8853.8,0.0,1033.0
239,27-Aug,2,20-40%,422.3,42.5,711.87,508.029,13217.8,8848.4,0.0,837.1
240,28-Aug,2,20-40%,422.3,42.5,711.99,508.526,12968.9,8774.9,0.0,282.3
241,29-Aug,2,20-40%,422.3,42.5,712.14,508.173,12560.6,8769.9,0.0,1040.2
242,30-Aug,2,20-40%,422.3,42.5,712.35,508.183,11619.5,8765.0,0.0,48.5
243,31-Aug,2,20-40%,422.3,42.5,712.44,507.8,13003.5,8760.7,0.0,1320.5
244,01-Sep,2,20-40%,380.0,39.4,712.36,507.883,13117.1,8958.1,0.0,574.2
245,02-Sep,2,20-40%,380.0,39.4,712.36,507.75,12185.1,8954.5,0.0,262.8
246,03-Sep,2,20-40%,380.0,39.4,712.3,507.651,12884.9,8905.3,0.0,690.1
247,04-Sep,2,20-40%,380.0,39.4,712.22,507.46,13008.6,8856.2,0.0,918.0
248,05-Sep,2,20-40%,380.0,39.4,712.14,507.92,13031.2,8847.0,0.0,158.7
249,06-Sep,2,20-40%,380.0,39.4,712.18,507.163,11691.2,8798.5,0.0,837.7
250,07-Sep,2,20-40%,380.0,39.4,712.09,507.651,12991.4,8792.4,0.0,161.7
251,08-Sep,2,20-40%,347.4,33.5,711.87,507.828,13349.5,9024.9,0.0,422.9
252,09-Sep,2,20-40%,347.4,33.5,711.64,508.231,13394.6,9023.3,0.0,199.1
253,10-Sep,2,20-40%,347.4,33.5,711.41,508.503,13328.4,9021.7,0.0,322.7
254,11-Sep,2,20-40%,347.4,33.5,711.32,507.853,11840.1,9020.2,0.0,499.3
255,12-Sep,2,20-40%,347.4,33.5,711.09,507.643,13345.2,9018.7,0.0,918.4
256,13-Sep,2,20-40%,347.4,33.5,710.97,507.556,12241.7,9017.3,0.0,81.7
257,14-Sep,2,20-40%,347.4,33.5,710.73,507.849,13311.8,9015.8,0.0,327.5
258,15-Sep,2,20-40%,347.4,33.5,710.56,508.006,12653.1,9014.4,0.0,71.0
259,16-Sep,2,20-40%,408.9,40.9,710.62,508.242,12893.5,9235.5,0.0,136.5
260,17-Sep,2,20-40%,408.9,40.9,710.52,508.386,14150.4,9234.5,67.0,1094.7
261,18-Sep,2,20-40%,408.9,40.9,710.39,508.664,13767.5,9233.6,511.6,997.2
262,19-Sep,2,20-40%,408.9,40.9,710.47,507.794,11807.8,9232.7,508.3,1139.4
263,20-Sep,2,20-40%,408.9,40.9,710.36,508.584,14096.8,9231.8,100.7,336.9
264,21-Sep,2,20-40%,408.9,40.9,710.23,508.384,13731.6,9230.8,501.5,1566.7
265,22-Sep,2,20-40%,408.9,40.9,710.36,508.249,11739.1,9191.6,96.7,0.0
266,23-Sep,2,20-40%,413.3,37.9,710.24,507.844,13467.6,9418.9,607.4,1456.6
267,24-Sep,2,20-40%,413.3,37.9,710.12,507.835,13450.8,9416.2,603.7,980.2
268,25-Sep,2,20-40%,413.3,37.9,710.01,507.43,13434.1,9334.2,599.7,1513.9
269,26-Sep,2,20-40%,413.3,37.9,709.83,507.961,13977.5,9301.5,595.7,791.5
270,27-Sep,2,20-40%,413.3,37.9,709.71,508.262,13421.2,9298.3,595.7,743.1
271,28-Sep,2,20-40%,413.3,37.9,709.54,507.926,13938.1,9295.1,609.5,1827.7
272,29-Sep,2,20-40%,413.3,37.9,709.53,508.069,13188.8,9291.9,0.0,371.9
273,30-Sep,2,20-40%,413.3,37.9,709.61,508.097,12334.4,9258.4,0.0,8.8
274,01-Oct,2,20-40%,385.0,37.7,709.51,507.841,13177.5,9340.6,0.0,766.8
275,02-Oct,2,20-40%,385.0,37.7,709.38,508.081,13502.6,9339.0,0.0,381.6
276,03-Oct,2,20-40%,385.0,37.7,709.24,507.963,13606.4,9337.5,0.0,867.9
277,04-Oct,2,20-40%,385.0,37.7,709.13,508.056,13272.6,9332.2,0.0,427.5
278,05-Oct,2,20-40%,385.0,37.7,709.11,508.068,12373.4,9226.9,0.0,60.6
279,06-Oct,2,20-40%,385.0,37.7,708.98,507.922,13319.3,9224.8,0.0,847.3
280,07-Oct,2,20-40%,385.0,37.7,708.84,507.929,13557.2,9222.8,0.0,826.8
281,08-Oct,2,20-40%,404.0,36.7,708.8,507.955,13235.4,9312.5,0.0,496.5
282,09-Oct,2,20-40%,404.0,36.7,708.84,507.449,12336.2,9311.0,0.0,571.1
283,10-Oct,2,20-40%,404.0,36.7,708.77,507.733,13586.6,9309.5,0.0,396.9
284,11-Oct,2,20-40%,404.0,36.7,708.68,508.297,13608.2,9308.0,0.0,97.0
285,12-Oct,2,20-40%,404.0,36.7,708.77,507.406,11788.9,9306.5,0.0,683.8
286,13-Oct,2,20-40%,404.0,36.7,708.71,507.781,13224.8,9305.0,0.0,60.5
287,14-Oct,2,20-40%,404.0,36.7,708.65,507.558,13212.6,9303.6,0.0,771.9
288,15-Oct,2,20-40%,404.0,36.7,708.56,507.675,13569.3,9302.1,0.0,586.0
289,16-Oct,2,20-40%,428.3,44.1,708.59,507.431,13110.3,9434.4,0.0,794.4
290,17-Oct,2,20-40%,428.3,44.1,708.6,508.037,13486.3,9433.4,0.0,0.0
291,18-Oct,2,20-40%,428.3,44.1,708.69,507.566,12926.5,9432.5,0.0,908.7
292,19-Oct,2,20-40%,428.3,44.1,708.68,507.709,13596.8,9431.5,0.0,623.8
293,20-Oct,2,20-40%,428.3,44.1,708.69,508.309,13507.8,9430.6,0.0,19.1
294,21-Oct,2,20-40%,428.3,44.1,708.62,508.494,14024.2,9429.7,0.0,882.2
295,22-Oct,2,20-40%,428.3,44.1,708.58,508.381,13903.1,9428.8,0.0,1152.4
296,23-Oct,2,20-40%,428.3,44.1,708.68,507.886,12442.8,9427.9,0.0,670.2
297,24-Oct,2,20-40%,526.9,47.5,708.96,508.443,14699.6,9600.0,0.0,751.3
298,25-Oct,2,20-40%,526.9,47.5,709.49,507.988,12728.5,9600.0,0.0,624.3
299,26-Oct,2,20-40%,526.9,47.5,709.76,508.823,14683.3,9600.0,0.0,364.9
300,27-Oct,2,20-40%,526.9,47.5,710.16,509.272,13564.8,9600.0,0.0,88.7
301,28-Oct,2,20-40%,526.9,47.5,710.57,508.574,13245.2,9600.0,0.0,1240.3
302,29-Oct,2,20-40%,526.9,47.5,710.91,509.011,13961.3,9600.0,0.0,307.4
303,30-Oct,2,20-40%,526.9,47.5,711.51,507.849,11463.1,9600.0,0.0,615.8
304,31-Oct,2,20-40%,526.9,47.5,711.82,508.377,13958.8,9600.0,0.0,150.6
305,01-Nov,2,20-40%,519.6,47.0,712.17,508.633,13714.0,9600.0,0.0,269.3
306,02-Nov,2,20-40%,519.6,47.0,712.41,508.746,14462.5,9491.0,0.0,1002.5
307,03-Nov,2,20-40%,519.6,47.0,712.73,509.101,13696.9,9404.7,0.0,332.8
308,04-Nov,2,20-40%,519.6,47.0,713.07,508.012,13427.3,9312.9,0.0,1929.2
309,05-Nov,2,20-40%,519.6,47.0,713.43,508.501,13467.9,9309.7,0.0,41.5
310,06-Nov,2,20-40%,519.6,47.0,713.85,508.125,12575.3,9308.6,0.0,519.7
311,07-Nov,2,20-40%,519.6,47.0,714.2,508.528,13496.0,9307.6,0.0,105.2
312,08-Nov,2,20-40%,440.2,34.0,714.31,508.81,13305.4,9175.6,0.0,0.0
313,09-Nov,2,20-40%,440.2,34.0,714.38,508.832,13628.0,9174.6,0.0,500.3
314,10-Nov,2,20-40%,440.2,34.0,714.64,507.653,11703.1,9119.1,0.0,787.1
315,11-Nov,2,20-40%,440.2,34.0,714.76,507.799,13284.3,9059.7,0.0,191.7
316,12-Nov,2,20-40%,440.2,34.0,714.87,507.999,13288.1,9058.2,0.0,130.2
317,13-Nov,2,20-40%,440.2,34.0,714.97,507.937,13543.4,9056.8,0.0,588.2
318,14-Nov,2,20-40%,440.2,34.0,715.01,508.318,14043.2,9055.4,0.0,376.1
319,15-Nov,2,20-40%,440.2,34.0,715.23,507.695,12137.4,9054.0,0.0,405.1
320,16-Nov,2,20-40%,420.5,35.8,715.36,507.33,12513.6,8867.6,0.0,491.6
321,17-Nov,2,20-40%,420.5,35.8,715.45,507.399,12926.5,8866.2,0.0,226.8
322,18-Nov,2,20-40%,420.5,35.8,715.52,507.637,13155.8,8864.8,0.0,162.3
323,19-Nov,2,20-40%,420.5,35.8,715.55,507.744,13541.8,8863.4,0.0,566.4
324,20-Nov,2,20-40%,420.5,35.8,715.62,508.001,12943.6,8862.0,0.0,31.4
325,21-Nov,2,20-40%,420.5,35.8,715.72,508.188,12777.4,8860.6,0.0,0.0
326,22-Nov,2,20-40%,420.5,35.8,715.82,508.41,12840.9,8859.3,0.0,0.0
327,23-Nov,2,20-40%,425.8,35.2,715.86,508.669,13839.2,9014.6,0.0,410.0
328,24-Nov,2,20-40%,425.8,35.2,716.01,508.386,12719.7,9013.7,0.0,345.3
329,25-Nov,2,20-40%,425.8,35.2,716.04,508.884,13920.1,9012.7,0.0,164.1
330,26-Nov,2,20-40%,425.8,35.2,716.18,508.798,12599.0,9011.8,0.0,81.3
331,27-Nov,2,20-40%,425.8,35.2,716.43,508.213,11562.1,9010.9,0.0,0.0
332,28-Nov,2,20-40%,425.8,35.2,716.48,508.724,13705.6,9010.0,0.0,0.0
333,29-Nov,2,20-40%,425.8,35.2,716.5,509.409,14039.8,9009.0,0.0,0.0
334,30-Nov,2,20-40%,425.8,35.2,716.61,509.028,13039.1,9008.1,0.0,654.2
335,01-Dec,2,20-40%,404.6,36.7,716.77,508.29,11630.8,8896.2,0.0,340.4
336,02-Dec,2,20-40%,404.6,36.7,716.78,508.313,13345.7,8895.2,0.0,464.0
337,03-Dec,2,20-40%,404.6,36.7,716.83,508.545,13005.2,8894.3,0.0,0.0
338,04-Dec,2,20-40%,404.6,36.7,716.83,508.863,13671.8,8768.2,0.0,399.8
339,05-Dec,2,20-40%,404.6,36.7,716.92,508.839,12820.3,8730.9,0.0,345.6
340,06-Dec,2,20-40%,404.6,36.7,717.0,509.064,12842.7,8730.9,0.0,65.3
341,07-Dec,2,20-40%,404.6,36.7,717.2,508.641,11459.9,8730.9,0.0,0.0
342,08-Dec,2,20-40%,375.0,33.2,717.22,508.791,12661.2,8693.2,0.0,0.0
343,09-Dec,2,20-40%,375.0,33.2,717.2,509.123,13162.6,8693.2,0.0,64.2
344,10-Dec,2,20-40%,375.0,33.2,717.23,508.606,12513.5,8693.2,0.0,698.6
345,11-Dec,2,20-40%,375.0,33.2,717.18,509.027,13447.1,8693.2,0.0,132.9
346,12-Dec,2,20-40%,375.0,33.2,717.26,508.729,11820.7,8693.2,0.0,43.7
347,13-Dec,2,20-40%,375.0,33.2,717.27,508.859,12626.9,8693.2,0.0,0.0
348,14-Dec,2,20-40%,375.0,33.2,717.3,508.8,12250.8,8693.2,0.0,0.0
349,15-Dec,2,20-40%,375.0,33.2,717.25,509.301,13370.4,8693.2,0.0,0.0
350,16-Dec,2,20-40%,287.6,24.9,717.03,509.036,12181.1,8738.5,0.0,0.0
351,17-Dec,2,20-40%,287.6,24.9,716.9,508.238,11022.2,8679.4,0.0,0.0
352,18-Dec,2,20-40%,287.6,24.9,716.69,508.19,12154.1,8437.9,0.0,0.0
353,19-Dec,2,20-40%,287.6,24.9,716.51,508.016,11566.0,8274.2,0.0,0.0
354,20-Dec,2,20-40%,287.6,24.9,716.28,508.176,12212.4,8258.8,0.0,0.0
355,21-Dec,2,20-40%,287.6,24.9,716.1,508.015,11514.0,8252.6,0.0,0.0
356,22-Dec,2,20-40%,287.6,24.9,715.91,507.922,11635.7,8246.5,0.0,0.0
357,23-Dec,2,20-40%,287.6,24.9,715.68,508.097,12129.5,8224.3,0.0,0.0
358,24-Dec,2,20-40%,240.6,20.4,715.39,507.968,11174.9,7933.6,0.0,0.0
359,25-Dec,2,20-40%,240.6,20.4,715.1,507.849,11184.4,7925.8,0.0,0.0
360,26-Dec,2,20-40%,240.6,20.4,714.81,507.673,10929.8,7849.5,0.0,0.0
361,27-Dec,2,20-40%,240.6,20.4,714.52,507.638,11099.9,7790.1,0.0,0.0
362,28-Dec,2,20-40%,240.6,20.4,714.23,507.531,10921.8,7780.7,0.0,0.0
363,29-Dec,2,20-40%,240.6,20.4,713.98,507.255,10431.3,7714.8,0.0,0.0
364,30-Dec,2,20-40%,240.6,20.4,713.68,507.231,10887.5,7678.5,0.0,0.0
365,31-Dec,2,20-40%,240.6,20.4,714.29,507.231,1354.3,1827.7,0.0,0.0
1,01-Jan,3,40-60%,135.8,13.1,724.22,510.0,15111.9,9600.0,0.0,106.7
2,02-Jan,3,40-60%,135.8,13.1,723.82,507.484,9521.2,9429.6,0.0,0.0
3,03-Jan,3,40-60%,135.8,13.1,723.43,507.141,9450.9,6770.9,0.0,0.0
4,04-Jan,3,40-60%,135.8,13.1,723.03,507.091,9381.2,6398.0,0.0,0.0
5,05-Jan,3,40-60%,135.8,13.1,722.63,507.037,9312.2,6375.3,0.0,0.0
6,06-Jan,3,40-60%,135.8,13.1,722.23,507.0,9243.8,6329.4,0.0,0.0
7,07-Jan,3,40-60%,135.8,13.1,721.83,507.0,9176.1,6261.3,0.0,0.0
8,08-Jan,3,40-60%,122.2,12.1,721.43,507.0,8609.5,5922.1,0.0,0.0
9,09-Jan,3,40-60%,122.2,12.1,721.03,507.0,8544.5,5898.1,0.0,0.0
10,10-Jan,3,40-60%,122.2,12.1,720.63,507.0,8480.1,5874.2,0.0,0.0
11,11-Jan,3,40-60%,122.2,12.1,720.23,507.0,8416.4,5850.4,0.0,0.0
12,12-Jan,3,40-60%,122.2,12.1,719.83,507.0,8353.3,5826.9,0.0,0.0
13,13-Jan,3,40-60%,122.2,12.1,719.43,507.0,8290.8,5803.4,0.0,0.0
14,14-Jan,3,40-60%,122.2,12.1,719.04,507.0,8228.9,5780.1,0.0,0.0
15,15-Jan,3,40-60%,122.2,12.1,718.64,507.0,8167.7,5757.0,0.0,0.0
16,16-Jan,3,40-60%,112.1,11.4,718.24,507.0,7741.7,5498.9,0.0,0.0
17,17-Jan,3,40-60%,112.1,11.4,717.84,507.0,7682.7,5476.1,0.0,0.0
18,18-Jan,3,40-60%,112.1,11.4,717.44,507.0,7624.3,5453.4,0.0,0.0
19,19-Jan,3,40-60%,112.1,11.4,717.04,507.0,7566.5,5430.9,0.0,0.0
20,20-Jan,3,40-60%,112.1,11.4,716.64,507.0,7509.4,5408.5,0.0,0.0
21,21-Jan,3,40-60%,112.1,11.4,716.24,507.0,7452.8,5386.3,0.0,0.0
22,22-Jan,3,40-60%,112.1,11.4,715.84,507.0,7396.9,5364.3,0.0,0.0
23,23-Jan,3,40-60%,112.1,11.4,715.44,507.0,7341.5,5342.4,0.0,0.0
24,24-Jan,3,40-60%,97.5,10.6,715.04,507.0,6774.1,4987.5,0.0,0.0
25,25-Jan,3,40-60%,97.5,10.6,715.04,507.0,0.0,2340.5,2475.6,0.0
26,26-Jan,3,40-60%,97.5,10.6,715.04,507.0,0.0,2340.5,2475.6,0.0
27,27-Jan,3,40-60%,97.5,10.6,715.04,507.0,0.0,2340.5,2475.6,0.0
28,28-Jan,3,40-60%,97.5,10.6,715.04,507.0,0.0,2340.5,2475.6,0.0
29,29-Jan,3,40-60%,97.5,10.6,715.04,507.0,0.0,2340.5,2475.6,0.0
30,30-Jan,3,40-60%,97.5,10.6,715.04,507.003,0.0,2336.8,2475.6,0.0
31,31-Jan,3,40-60%,97.5,10.6,715.04,507.03,0.0,2309.5,2475.6,0.0
32,01-Feb,3,40-60%,95.3,10.5,715.04,507.045,0.0,2272.8,2400.2,0.0
33,02-Feb,3,40-60%,95.3,10.5,715.04,507.06,0.0,2272.8,2400.2,0.0
34,03-Feb,3,40-60%,95.3,10.5,715.04,507.075,0.0,2272.8,2400.2,0.0
35,04-Feb,3,40-60%,95.3,10.5,715.04,507.089,0.0,2272.8,2400.2,0.0
36,05-Feb,3,40-60%,95.3,10.5,715.04,507.104,0.0,2272.8,2400.2,0.0
37,06-Feb,3,40-60%,95.3,10.5,715.04,507.119,0.0,2272.8,2400.2,0.0
38,07-Feb,3,40-60%,95.3,10.5,715.04,507.134,0.0,2272.8,2400.2,0.0
39,08-Feb,3,40-60%,86.1,10.4,715.04,507.145,0.0,2079.0,2076.9,0.0
40,09-Feb,3,40-60%,86.1,10.4,715.04,507.155,0.0,2079.0,2076.9,0.0
41,10-Feb,3,40-60%,86.1,10.4,715.04,507.165,0.0,2079.0,2076.9,0.0
42,11-Feb,3,40-60%,86.1,10.4,715.04,507.175,0.0,2079.0,2076.9,0.0
43,12-Feb,3,40-60%,86.1,10.4,715.04,507.185,0.0,2079.0,2076.9,0.0
44,13-Feb,3,40-60%,86.1,10.4,715.04,507.195,0.0,2079.0,2076.9,0.0
45,14-Feb,3,40-60%,86.1,10.4,715.04,507.205,0.0,2079.0,2076.9,0.0
46,15-Feb,3,40-60%,79.8,10.3,715.04,507.209,0.0,1948.0,1853.9,0.0
47,16-Feb,3,40-60%,79.8,10.3,715.04,507.245,0.0,1909.3,1853.9,0.0
48,17-Feb,3,40-60%,79.8,10.3,715.04,507.216,0.0,1986.7,1853.9,0.0
49,18-Feb,3,40-60%,79.8,10.3,715.04,507.22,0.0,1948.0,1853.9,0.0
50,19-Feb,3,40-60%,79.8,10.3,715.04,507.223,0.0,1948.0,1853.9,0.0
51,20-Feb,3,40-60%,79.8,10.3,715.04,507.227,0.0,1948.0,1853.9,0.0
52,21-Feb,3,40-60%,79.8,10.3,715.04,507.231,0.0,1947.9,1853.9,0.0
53,22-Feb,3,40-60%,74.1,10.0,715.04,507.226,0.0,1825.8,1652.3,0.0
54,23-Feb,3,40-60%,74.1,10.0,715.04,507.222,0.0,1825.8,1652.3,0.0
55,24-Feb,3,40-60%,74.1,10.0,715.04,507.217,0.0,1825.8,1652.3,0.0
56,25-Feb,3,40-60%,74.1,10.0,715.04,507.213,0.0,1825.8,1652.3,0.0
57,26-Feb,3,40-60%,74.1,10.0,715.04,507.208,0.0,1827.0,1652.3,0.0
58,27-Feb,3,40-60%,74.1,10.0,715.04,507.203,0.0,1825.8,1652.3,0.0
59,28-Feb,3,40-60%,74.1,10.0,715.04,507.216,0.0,1811.9,1662.9,0.0
60,01-Mar,3,40-60%,72.9,11.4,715.04,507.206,0.0,1838.5,1609.2,0.0
61,02-Mar,3,40-60%,72.9,11.4,715.04,507.2,0.0,1833.9,1609.2,0.0
62,03-Mar,3,40-60%,72.9,11.4,715.04,507.194,0.0,1833.9,1609.2,0.0
63,04-Mar,3,40-60%,72.9,11.4,715.04,507.6,0.0,1348.6,1609.2,0.0
64,05-Mar,3,40-60%,72.9,11.4,715.04,507.182,0.0,2320.9,1609.2,0.0
65,06-Mar,3,40-60%,72.9,11.4,715.04,507.175,0.0,1833.9,1609.2,0.0
66,07-Mar,3,40-60%,72.9,11.4,715.04,507.168,0.0,1833.9,1609.2,0.0
67,08-Mar,3,40-60%,69.7,10.0,715.04,507.149,0.0,1749.9,1498.4,0.0
68,09-Mar,3,40-60%,69.7,10.0,715.04,507.129,0.0,1749.9,1498.4,0.0
69,10-Mar,3,40-60%,69.7,10.0,715.04,507.11,0.0,1749.9,1498.4,0.0
70,11-Mar,3,40-60%,69.7,10.0,715.04,507.09,0.0,1749.9,1498.4,0.0
71,12-Mar,3,40-60%,69.7,10.0,715.03,507.105,0.0,1749.9,1564.5,0.0
72,13-Mar,3,40-60%,69.7,10.0,715.03,507.085,0.0,1749.9,1498.4,0.0
73,14-Mar,3,40-60%,69.7,10.0,715.03,507.082,0.0,1749.9,1531.5,0.0
74,15-Mar,3,40-60%,69.7,10.0,715.03,507.08,0.0,1749.9,1531.5,0.0
75,16-Mar,3,40-60%,63.6,9.1,715.02,507.087,0.0,1594.1,1329.5,0.0
76,17-Mar,3,40-60%,63.6,9.1,715.02,507.071,0.0,1594.1,1285.3,0.0
77,18-Mar,3,40-60%,63.6,9.1,715.02,507.09,0.0,1594.1,1351.4,0.0
78,19-Mar,3,40-60%,63.6,9.1,715.02,507.075,0.0,1594.1,1285.3,0.0
79,20-Mar,3,40-60%,63.6,9.1,715.02,507.059,0.0,1594.1,1285.3,0.0
80,21-Mar,3,40-60%,63.6,9.1,714.99,507.163,0.0,1594.0,1515.2,0.0
81,22-Mar,3,40-60%,63.6,9.1,714.99,507.148,0.0,1594.0,1285.2,0.0
82,23-Mar,3,40-60%,63.6,9.1,714.99,507.133,0.0,1594.0,1285.2,0.0
83,24-Mar,3,40-60%,57.8,9.8,714.99,507.11,0.0,1489.8,1079.0,0.0
84,25-Mar,3,40-60%,57.8,9.8,714.99,507.087,0.0,1489.8,1079.0,0.0
85,26-Mar,3,40-60%,57.8,9.8,714.99,507.064,0.0,1489.9,1079.0,0.0
86,27-Mar,3,40-60%,57.8,9.8,714.99,507.041,0.0,1489.9,1079.0,0.0
87,28-Mar,3,40-60%,57.8,9.8,714.99,507.017,0.0,1489.9,1079.0,0.0
88,29-Mar,3,40-60%,57.8,9.8,714.98,507.047,0.0,1489.9,1178.9,0.0
89,30-Mar,3,40-60%,57.8,9.8,714.98,507.024,0.0,1489.9,1078.8,0.0
90,31-Mar,3,40-60%,57.8,9.8,714.98,507.0,0.0,1489.9,1078.6,0.0
91,01-Apr,3,40-60%,68.4,10.0,714.98,507.0,0.0,1709.6,1472.3,0.0
92,02-Apr,3,40-60%,68.4,10.0,714.98,507.0,0.0,1709.6,1472.0,0.0
93,03-Apr,3,40-60%,68.4,10.0,714.98,507.0,0.0,1709.6,1471.8,0.0
94,04-Apr,3,40-60%,68.4,10.0,714.98,507.0,0.0,1709.6,1471.6,0.0
95,05-Apr,3,40-60%,68.4,10.0,714.97,507.0,0.0,1709.6,1471.3,0.0
96,06-Apr,3,40-60%,68.4,10.0,714.94,507.0,0.0,1890.9,1761.3,0.0
97,07-Apr,3,40-60%,68.4,10.0,714.91,507.0,0.0,1903.3,1780.6,0.0
98,08-Apr,3,40-60%,93.3,16.1,714.88,507.0,0.0,2577.1,2657.6,0.0
99,09-Apr,3,40-60%,93.3,16.1,714.85,507.021,0.0,2551.0,2655.5,0.0
100,10-Apr,3,40-60%,93.3,16.1,714.82,507.044,0.0,2548.8,2653.4,0.0
101,11-Apr,3,40-60%,93.3,16.1,714.78,507.066,0.0,2547.8,2651.3,0.0
102,12-Apr,3,40-60%,93.3,16.1,714.75,507.088,0.0,2546.9,2649.2,0.0
103,13-Apr,3,40-60%,93.3,16.1,714.72,507.138,0.0,2514.2,2647.1,0.0
104,14-Apr,3,40-60%,93.3,16.1,714.68,507.198,0.0,2500.0,2645.0,0.0
105,15-Apr,3,40-60%,93.3,16.1,714.64,507.258,0.0,2589.1,2784.9,0.0
106,16-Apr,3,40-60%,86.5,14.0,714.58,507.264,0.0,2540.4,2668.5,0.0
107,17-Apr,3,40-60%,86.5,14.0,714.52,507.271,0.0,2538.5,2664.3,0.0
108,18-Apr,3,40-60%,86.5,14.0,714.46,507.277,0.0,2536.5,2660.2,0.0
109,19-Apr,3,40-60%,86.5,14.0,714.41,507.283,0.0,2466.5,2549.4,0.0
110,20-Apr,3,40-60%,86.5,14.0,714.37,507.309,0.0,2373.6,2439.2,0.0
111,21-Apr,3,40-60%,86.5,14.0,714.33,507.346,0.0,2359.1,2435.3,0.0
112,22-Apr,3,40-60%,86.5,14.0,714.3,507.384,0.0,2357.8,2431.3,0.0
113,23-Apr,3,40-60%,83.6,11.4,714.26,507.436,0.0,2218.6,2323.5,0.0
114,24-Apr,3,40-60%,83.6,11.4,714.22,507.492,0.0,2213.3,2320.2,0.0
115,25-Apr,3,40-60%,83.6,11.4,714.18,507.56,0.0,2197.9,2317.2,0.0
116,26-Apr,3,40-60%,83.6,11.4,714.15,507.66,0.0,2158.9,2313.7,0.0
117,27-Apr,3,40-60%,83.6,11.4,714.08,507.825,0.0,2273.8,2618.4,0.0
118,28-Apr,3,40-60%,83.6,11.4,714.01,508.092,0.0,2151.3,2612.9,0.0
119,29-Apr,3,40-60%,83.6,11.4,713.94,508.54,0.0,1934.4,2609.8,0.0
120,30-Apr,3,40-60%,83.6,11.4,713.88,509.123,0.0,1760.7,2602.8,0.0
121,01-May,3,40-60%,90.0,11.4,713.94,509.068,0.0,1812.1,1430.3,0.0
122,02-May,3,40-60%,90.0,11.4,714.02,509.012,0.0,1656.4,1182.6,0.0
123,03-May,3,40-60%,90.0,11.4,714.15,508.956,0.0,1417.0,799.3,0.0
124,04-May,3,40-60%,90.0,11.4,714.28,508.871,0.0,1415.3,738.3,0.0
125,05-May,3,40-60%,90.0,11.4,714.4,508.785,0.0,1413.6,734.9,0.0
126,06-May,3,40-60%,90.0,11.4,714.44,508.845,0.0,1826.3,1666.7,0.0
127,07-May,3,40-60%,90.0,11.4,714.49,508.846,0.0,1824.9,1546.6,0.0
128,08-May,3,40-60%,101.0,12.4,714.57,508.843,0.0,1844.6,1536.5,0.0
129,09-May,3,40-60%,101.0,12.4,714.66,508.802,0.0,1842.1,1458.4,0.0
130,10-May,3,40-60%,101.0,12.4,714.73,508.821,0.0,1839.6,1572.7,0.0
131,11-May,3,40-60%,101.0,12.4,714.81,508.809,0.0,1837.1,1508.6,0.0
132,12-May,3,40-60%,101.0,12.4,714.89,508.769,0.0,1833.7,1443.5,0.0
133,13-May,3,40-60%,101.0,12.4,714.97,508.726,0.0,1832.8,1436.6,0.0
134,14-May,3,40-60%,101.0,12.4,715.06,508.625,0.0,1831.6,1318.8,0.0
135,15-May,3,40-60%,101.0,12.4,715.17,508.531,0.0,1729.6,1170.5,0.0
136,16-May,3,40-60%,189.5,20.4,715.53,508.418,0.0,2163.3,1551.6,0.0
137,17-May,3,40-60%,189.5,20.4,716.0,508.253,0.0,1546.5,468.4,0.0
138,18-May,3,40-60%,189.5,20.4,716.45,508.077,0.0,1546.1,450.1,0.0
139,19-May,3,40-60%,189.5,20.4,716.9,507.9,0.0,1545.6,449.3,0.0
140,20-May,3,40-60%,189.5,20.4,717.33,507.722,0.0,1545.2,448.6,0.0
141,21-May,3,40-60%,189.5,20.4,717.76,507.542,0.0,1544.8,447.8,0.0
142,22-May,3,40-60%,189.5,20.4,718.17,507.36,0.0,1544.3,447.1,0.0
143,23-May,3,40-60%,189.5,20.4,718.58,507.195,0.0,1522.6,446.3,0.0
144,24-May,3,40-60%,167.2,13.8,718.91,507.0,0.0,1487.3,558.8,0.0
145,25-May,3,40-60%,167.2,13.8,718.56,507.047,9467.7,6431.1,0.0,0.0
146,26-May,3,40-60%,167.2,13.8,718.21,507.1,9424.7,6415.0,0.0,0.0
147,27-May,3,40-60%,167.2,13.8,717.85,507.159,9383.0,6399.3,0.0,0.0
148,28-May,3,40-60%,167.2,13.8,717.49,507.223,9341.7,6383.9,0.0,0.0
149,29-May,3,40-60%,167.2,13.8,717.14,507.292,9300.9,6368.5,0.0,0.0
150,30-May,3,40-60%,167.2,13.8,716.78,507.365,9256.8,6353.2,0.0,0.0
151,31-May,3,40-60%,167.2,13.8,716.42,507.441,9210.6,6338.0,0.0,0.0
152,01-Jun,3,40-60%,173.7,23.1,716.05,507.336,9480.2,6955.1,0.0,0.0
153,02-Jun,3,40-60%,173.7,23.1,715.68,507.354,9427.7,6784.8,0.0,0.0
154,03-Jun,3,40-60%,173.7,23.1,715.32,507.467,9319.3,6626.2,0.0,0.0
155,04-Jun,3,40-60%,173.7,23.1,714.96,507.501,9108.6,6611.3,0.0,0.0
156,05-Jun,3,40-60%,173.7,23.1,714.63,507.43,8852.7,6596.6,0.0,0.0
157,06-Jun,3,40-60%,173.7,23.1,714.28,507.384,8862.2,6581.9,0.0,0.0
158,07-Jun,3,40-60%,173.7,23.1,713.91,507.516,9177.3,6567.4,0.0,0.0
159,08-Jun,3,40-60%,228.4,34.4,713.61,507.213,10172.2,8001.2,0.0,0.0
160,09-Jun,3,40-60%,228.4,34.4,713.24,507.331,10959.0,7986.9,0.0,0.0
161,10-Jun,3,40-60%,228.4,34.4,712.89,507.334,10674.1,7973.3,0.0,0.0
162,11-Jun,3,40-60%,228.4,34.4,712.51,507.477,10908.0,7960.4,0.0,0.0
163,12-Jun,3,40-60%,228.4,34.4,712.13,507.617,10858.5,7948.9,0.0,0.0
164,13-Jun,3,40-60%,228.4,34.4,711.77,507.692,10687.6,7937.4,0.0,0.0
165,14-Jun,3,40-60%,228.4,34.4,711.43,507.592,10299.6,7926.0,0.0,0.0
166,15-Jun,3,40-60%,228.4,34.4,711.06,507.647,10566.5,7915.3,0.0,0.0
167,16-Jun,3,40-60%,343.5,47.6,711.06,508.116,11734.0,8208.1,0.0,276.0
168,17-Jun,3,40-60%,343.5,47.6,711.17,507.511,10440.2,8119.2,0.0,803.3
169,18-Jun,3,40-60%,343.5,47.6,711.16,507.679,11458.4,8013.1,0.0,627.0
170,19-Jun,3,40-60%,343.5,47.6,711.15,507.529,11306.6,8006.5,0.0,898.2
171,20-Jun,3,40-60%,343.5,47.6,711.1,508.138,11501.3,7910.1,0.0,217.9
172,21-Jun,3,40-60%,343.5,47.6,711.19,507.372,10064.9,7862.0,0.0,995.1
173,22-Jun,3,40-60%,343.5,47.6,711.18,507.73,10913.4,7854.9,0.0,192.9
174,23-Jun,3,40-60%,375.1,41.3,711.17,507.829,12422.5,8496.1,0.0,716.7
175,24-Jun,3,40-60%,375.1,41.3,711.3,507.436,11052.5,8490.5,0.0,423.9
176,25-Jun,3,40-60%,375.1,41.3,711.3,507.396,12197.5,8478.6,0.0,723.0
177,26-Jun,3,40-60%,375.1,41.3,711.31,507.962,12037.7,8343.0,0.0,37.3
178,27-Jun,3,40-60%,375.1,41.3,711.36,508.036,11530.6,8337.5,0.0,307.4
179,28-Jun,3,40-60%,375.1,41.3,711.41,507.583,11476.9,8304.4,0.0,919.2
180,29-Jun,3,40-60%,375.1,41.3,711.44,507.705,11497.5,8271.9,0.0,275.8
181,30-Jun,3,40-60%,375.1,41.3,711.46,507.796,11661.6,8265.7,0.0,401.0
182,01-Jul,3,40-60%,308.4,41.9,711.29,507.525,11203.4,8082.3,0.0,739.8
183,02-Jul,3,40-60%,308.4,41.9,711.14,507.692,11043.4,8076.6,0.0,134.9
184,03-Jul,3,40-60%,308.4,41.9,710.97,508.081,11232.7,8071.5,0.0,0.0
185,04-Jul,3,40-60%,308.4,41.9,710.8,507.784,11148.6,8066.5,0.0,765.0
186,05-Jul,3,40-60%,308.4,41.9,710.62,507.686,11188.5,8061.5,0.0,555.4
187,06-Jul,3,40-60%,308.4,41.9,710.49,507.823,10735.9,8056.7,0.0,0.0
188,07-Jul,3,40-60%,308.4,41.9,710.32,507.498,11094.7,7970.5,0.0,860.9
189,08-Jul,3,40-60%,317.1,47.4,710.16,507.701,11456.8,8400.5,0.0,166.6
190,09-Jul,3,40-60%,317.1,47.4,710.05,507.717,10965.9,8328.9,0.0,151.8
191,10-Jul,3,40-60%,317.1,47.4,709.94,507.897,11024.4,8325.8,0.0,0.0
192,11-Jul,3,40-60%,317.1,47.4,709.9,507.735,10227.3,8226.2,0.0,0.0
193,12-Jul,3,40-60%,317.1,47.4,709.75,507.567,11238.6,8151.5,0.0,720.8
194,13-Jul,3,40-60%,317.1,47.4,709.7,507.385,10247.4,8147.8,0.0,119.4
195,14-Jul,3,40-60%,317.1,47.4,709.54,507.867,11309.8,8144.0,0.0,0.0
196,15-Jul,3,40-60%,317.1,47.4,709.52,507.634,9948.3,8140.3,0.0,0.0
197,16-Jul,3,40-60%,354.6,52.3,709.45,507.461,11806.1,8301.1,0.0,1041.3
198,17-Jul,3,40-60%,354.6,52.3,709.36,507.847,11972.5,8298.4,0.0,486.2
199,18-Jul,3,40-60%,354.6,52.3,709.36,508.121,11088.1,8295.6,0.0,69.7
200,19-Jul,3,40-60%,354.6,52.3,709.36,508.439,11057.3,8292.9,0.0,0.0
201,20-Jul,3,40-60%,354.6,52.3,709.46,507.56,10040.5,8290.3,0.0,775.7
202,21-Jul,3,40-60%,354.6,52.3,709.4,507.97,11602.4,8287.6,0.0,210.5
203,22-Jul,3,40-60%,354.6,52.3,709.49,507.629,9921.5,8284.9,0.0,68.7
204,23-Jul,3,40-60%,354.6,52.3,709.4,508.347,11835.7,8282.3,0.0,0.0
205,24-Jul,3,40-60%,354.6,42.5,709.38,508.123,11241.2,8866.7,0.0,0.0
206,25-Jul,3,40-60%,354.6,42.5,709.26,508.051,12250.0,8855.7,0.0,437.0
207,26-Jul,3,40-60%,354.6,42.5,709.33,507.443,10286.1,8718.1,0.0,0.0
208,27-Jul,3,40-60%,354.6,42.5,709.27,507.321,11684.3,8655.0,0.0,323.3
209,28-Jul,3,40-60%,354.6,42.5,709.16,507.75,12116.5,8555.8,0.0,57.5
210,29-Jul,3,40-60%,354.6,42.5,709.13,507.73,11144.1,8552.5,0.0,0.0
211,30-Jul,3,40-60%,354.6,42.5,709.02,507.277,12099.8,8549.2,0.0,1082.7
212,31-Jul,3,40-60%,354.6,42.5,708.9,507.757,12257.1,8546.0,0.0,70.4
213,01-Aug,3,40-60%,401.2,42.6,708.91,508.569,12843.9,8585.3,0.0,31.3
214,02-Aug,3,40-60%,401.2,42.6,709.06,508.324,11463.5,8583.1,0.0,426.8
215,03-Aug,3,40-60%,401.2,42.6,709.25,507.682,10874.5,8581.0,0.0,536.4
216,04-Aug,3,40-60%,401.2,42.6,709.3,508.174,12224.2,8578.8,0.0,0.0
217,05-Aug,3,40-60%,401.2,42.6,709.28,508.272,12765.4,8576.6,0.0,815.3
218,06-Aug,3,40-60%,401.2,42.6,709.41,507.788,11131.5,8574.5,0.0,484.2
219,07-Aug,3,40-60%,401.2,42.6,709.51,507.866,11467.8,8572.3,0.0,0.0
220,08-Aug,3,40-60%,350.4,42.6,709.34,508.373,12721.4,8903.8,0.0,0.0
221,09-Aug,3,40-60%,350.4,42.6,709.35,507.889,10986.7,8902.1,0.0,67.0
222,10-Aug,3,40-60%,350.4,42.6,709.3,507.648,11932.2,8900.4,0.0,343.6
223,11-Aug,3,40-60%,350.4,42.6,709.13,508.15,12629.1,8822.4,0.0,0.0
224,12-Aug,3,40-60%,350.4,42.6,709.17,507.841,10941.3,8724.4,0.0,0.0
225,13-Aug,3,40-60%,350.4,42.6,709.1,507.994,11766.9,8719.1,0.0,0.0
226,14-Aug,3,40-60%,350.4,42.6,708.99,508.331,12031.3,8678.4,0.0,0.0
227,15-Aug,3,40-60%,350.4,42.6,709.03,507.909,10536.4,8658.8,0.0,0.0
228,16-Aug,3,40-60%,352.3,35.3,708.89,508.204,12694.7,8754.5,0.0,232.9
229,17-Aug,3,40-60%,352.3,35.3,708.91,507.783,10898.9,8749.3,0.0,0.0
230,18-Aug,3,40-60%,352.3,35.3,708.86,507.327,11611.2,8744.0,0.0,448.5
231,19-Aug,3,40-60%,352.3,35.3,708.72,507.585,12589.5,8738.8,0.0,217.5
232,20-Aug,3,40-60%,352.3,35.3,708.66,507.558,11678.7,8733.7,0.0,0.0
233,21-Aug,3,40-60%,352.3,35.3,708.55,507.64,12105.9,8728.5,0.0,135.4
234,22-Aug,3,40-60%,352.3,35.3,708.42,507.53,12261.1,8723.3,0.0,463.2
235,23-Aug,3,40-60%,352.3,35.3,708.31,507.784,12120.4,8608.6,0.0,51.2
236,24-Aug,3,40-60%,332.3,37.7,708.23,507.764,11163.0,8429.2,0.0,0.0
237,25-Aug,3,40-60%,332.3,37.7,708.15,507.427,11240.3,8426.7,0.0,411.0
238,26-Aug,3,40-60%,332.3,37.7,708.07,507.509,11315.6,8380.6,0.0,0.0
239,27-Aug,3,40-60%,332.3,37.7,707.92,507.757,11928.0,8312.5,0.0,262.0
240,28-Aug,3,40-60%,332.3,37.7,707.8,507.964,11618.7,8309.5,0.0,124.0
241,29-Aug,3,40-60%,332.3,37.7,707.72,508.03,11119.7,8306.6,0.0,0.0
242,30-Aug,3,40-60%,332.3,37.7,707.74,507.237,9830.9,8303.6,0.0,238.2
243,31-Aug,3,40-60%,332.3,37.7,707.62,507.566,11701.6,8213.3,0.0,118.6
244,01-Sep,3,40-60%,340.2,34.4,707.53,507.934,11691.8,8220.4,0.0,0.0
245,02-Sep,3,40-60%,340.2,34.4,707.58,507.377,10036.5,8217.9,0.0,98.7
246,03-Sep,3,40-60%,340.2,34.4,707.56,507.341,10924.3,8216.1,0.0,0.0
247,04-Sep,3,40-60%,340.2,34.4,707.46,507.706,11689.6,8214.2,0.0,0.0
248,05-Sep,3,40-60%,340.2,34.4,707.41,507.814,11204.7,8212.4,0.0,0.0
249,06-Sep,3,40-60%,340.2,34.4,707.44,507.093,10027.2,8167.9,0.0,345.0
250,07-Sep,3,40-60%,340.2,34.4,707.39,507.111,11057.0,8153.7,0.0,67.9
251,08-Sep,3,40-60%,374.9,34.5,707.38,507.466,12216.5,8561.2,0.0,15.1
252,09-Sep,3,40-60%,374.9,34.5,707.34,507.95,12423.3,8560.7,0.0,0.0
253,10-Sep,3,40-60%,374.9,34.5,707.28,508.535,12586.8,8560.3,0.0,0.0
254,11-Sep,3,40-60%,374.9,34.5,707.44,507.747,9908.0,8559.9,0.0,0.0
255,12-Sep,3,40-60%,374.9,34.5,707.41,507.818,12206.3,8559.4,0.0,344.9
256,13-Sep,3,40-60%,374.9,34.5,707.45,507.679,11220.5,8559.0,0.0,0.0
257,14-Sep,3,40-60%,374.9,34.5,707.52,507.654,11492.2,8558.5,0.0,0.0
258,15-Sep,3,40-60%,374.9,34.5,707.48,507.816,12149.1,8558.1,0.0,209.0
259,16-Sep,3,40-60%,366.9,34.9,707.35,508.206,12720.2,8915.2,0.0,0.0
260,17-Sep,3,40-60%,366.9,34.9,707.31,508.256,12403.2,8915.2,0.0,178.7
261,18-Sep,3,40-60%,366.9,34.9,707.27,508.241,12051.8,8915.2,0.0,83.9
262,19-Sep,3,40-60%,366.9,34.9,707.27,508.069,11598.2,8908.6,0.0,0.0
263,20-Sep,3,40-60%,366.9,34.9,707.19,508.391,12538.3,8880.6,0.0,0.0
264,21-Sep,3,40-60%,366.9,34.9,707.09,508.577,12634.7,8880.6,0.0,242.9
265,22-Sep,3,40-60%,366.9,34.9,707.15,508.036,10823.7,8881.7,0.0,0.0
266,23-Sep,3,40-60%,368.2,34.2,707.08,508.216,12419.0,8873.1,0.0,118.4
267,24-Sep,3,40-60%,368.2,34.2,707.1,508.134,11844.6,8873.1,0.0,47.0
268,25-Sep,3,40-60%,368.2,34.2,707.29,507.381,10584.1,8873.1,0.0,29.1
269,26-Sep,3,40-60%,368.2,34.2,707.24,507.623,12365.5,8862.7,0.0,0.0
270,27-Sep,3,40-60%,368.2,34.2,707.27,507.68,11973.8,8808.7,0.0,0.0
271,28-Sep,3,40-60%,368.2,34.2,707.17,508.195,12733.8,8779.6,0.0,0.0
272,29-Sep,3,40-60%,368.2,34.2,707.17,508.333,11978.9,8751.6,0.0,0.0
273,30-Sep,3,40-60%,368.2,34.2,707.27,507.872,10815.1,8750.5,0.0,0.0
274,01-Oct,3,40-60%,387.2,45.8,707.39,507.454,11522.5,9269.5,0.0,145.6
275,02-Oct,3,40-60%,387.2,45.8,707.37,507.811,12764.4,9266.8,0.0,0.0
276,03-Oct,3,40-60%,387.2,45.8,707.31,508.333,13031.0,9265.8,0.0,0.0
277,04-Oct,3,40-60%,387.2,45.8,707.38,508.357,12093.0,9266.3,0.0,0.0
278,05-Oct,3,40-60%,387.2,45.8,707.46,508.227,11818.4,9264.8,0.0,0.0
279,06-Oct,3,40-60%,387.2,45.8,707.56,507.988,11597.7,9262.6,0.0,0.0
280,07-Oct,3,40-60%,387.2,45.8,707.56,508.231,12495.0,9261.6,0.0,0.0
281,08-Oct,3,40-60%,411.8,55.7,707.72,508.242,12371.8,9322.6,0.0,374.6
282,09-Oct,3,40-60%,411.8,55.7,708.1,507.641,10641.9,9260.1,0.0,0.0
283,10-Oct,3,40-60%,411.8,55.7,708.1,508.763,13737.3,9210.0,0.0,0.0
284,11-Oct,3,40-60%,411.8,55.7,708.43,508.416,11044.0,9208.9,0.0,0.0
285,12-Oct,3,40-60%,411.8,55.7,708.82,507.487,9903.6,9207.8,0.0,0.0
286,13-Oct,3,40-60%,411.8,55.7,708.93,507.39,12507.1,9206.7,0.0,608.5
287,14-Oct,3,40-60%,411.8,55.7,709.01,507.628,12698.1,9205.6,0.0,321.5
288,15-Oct,3,40-60%,411.8,55.7,709.08,508.227,12839.6,9204.6,0.0,0.0
289,16-Oct,3,40-60%,401.2,48.1,709.12,507.803,12481.2,9485.2,0.0,549.7
290,17-Oct,3,40-60%,401.2,48.1,709.11,508.128,13043.8,9484.6,0.0,0.0
291,18-Oct,3,40-60%,401.2,48.1,709.22,507.418,11966.1,9484.1,0.0,544.3
292,19-Oct,3,40-60%,401.2,48.1,709.2,507.789,13140.6,9483.6,0.0,0.0
293,20-Oct,3,40-60%,401.2,48.1,709.21,507.969,12788.4,9483.1,0.0,0.0
294,21-Oct,3,40-60%,401.2,48.1,709.11,508.709,13809.7,9482.6,0.0,0.0
295,22-Oct,3,40-60%,401.2,48.1,709.14,508.483,12744.1,9482.1,0.0,479.9
296,23-Oct,3,40-60%,401.2,48.1,709.22,507.789,11941.1,9481.6,0.0,520.9
297,24-Oct,3,40-60%,429.9,43.5,709.25,508.278,13678.3,9600.0,0.0,0.0
298,25-Oct,3,40-60%,429.9,43.5,709.37,508.374,12951.7,9600.0,0.0,0.0
299,26-Oct,3,40-60%,429.9,43.5,709.32,509.201,14248.8,9600.0,0.0,0.0
300,27-Oct,3,40-60%,429.9,43.5,709.5,509.105,12592.0,9600.0,0.0,0.0
301,28-Oct,3,40-60%,429.9,43.5,709.66,508.527,12377.1,9600.0,0.0,459.2
302,29-Oct,3,40-60%,429.9,43.5,709.62,508.76,14198.6,9600.0,0.0,626.7
303,30-Oct,3,40-60%,429.9,43.5,709.84,508.189,11603.3,9572.5,0.0,0.0
304,31-Oct,3,40-60%,429.9,43.5,709.92,508.409,13205.0,9569.3,0.0,0.0
305,01-Nov,3,40-60%,415.0,41.7,709.95,508.68,13219.4,9502.4,0.0,0.0
306,02-Nov,3,40-60%,415.0,41.7,709.97,509.069,13361.9,9454.2,0.0,0.0
307,03-Nov,3,40-60%,415.0,41.7,710.04,508.744,12669.6,9421.1,0.0,460.4
308,04-Nov,3,40-60%,415.0,41.7,710.15,508.321,12501.7,9419.8,0.0,424.5
309,05-Nov,3,40-60%,415.0,41.7,710.15,508.734,13353.2,9418.6,0.0,0.0
310,06-Nov,3,40-60%,415.0,41.7,710.27,508.218,12378.3,9417.3,0.0,453.2
311,07-Nov,3,40-60%,415.0,41.7,710.35,508.366,12863.7,9377.2,0.0,0.0
312,08-Nov,3,40-60%,399.6,40.4,710.35,508.625,12874.3,9261.5,0.0,0.0
313,09-Nov,3,40-60%,399.6,40.4,710.35,508.748,12588.2,9260.3,0.0,0.0
314,10-Nov,3,40-60%,399.6,40.4,710.51,508.021,10989.3,9259.1,0.0,0.0
315,11-Nov,3,40-60%,399.6,40.4,710.59,507.873,12238.5,9257.9,0.0,0.0
316,12-Nov,3,40-60%,399.6,40.4,710.67,507.645,12044.0,9256.8,0.0,0.0
317,13-Nov,3,40-60%,399.6,40.4,710.63,507.771,13338.0,9202.1,0.0,423.6
318,14-Nov,3,40-60%,399.6,40.4,710.58,508.282,13229.7,9136.1,0.0,0.0
319,15-Nov,3,40-60%,399.6,40.4,710.65,508.192,11974.1,9062.3,0.0,0.0
320,16-Nov,3,40-60%,352.6,37.8,710.62,507.784,11741.6,9206.4,0.0,0.0
321,17-Nov,3,40-60%,352.6,37.8,710.45,507.925,12735.5,9203.6,0.0,0.0
322,18-Nov,3,40-60%,352.6,37.8,710.25,508.256,13112.6,9200.7,0.0,0.0
323,19-Nov,3,40-60%,352.6,37.8,710.19,507.867,11645.7,9197.9,0.0,0.0
324,20-Nov,3,40-60%,352.6,37.8,710.0,508.111,12912.4,9195.0,0.0,0.0
325,21-Nov,3,40-60%,352.6,37.8,709.81,508.405,12984.6,9192.2,0.0,0.0
326,22-Nov,3,40-60%,352.6,37.8,709.68,508.414,12416.8,9190.0,0.0,0.0
327,23-Nov,3,40-60%,306.0,25.1,709.45,507.878,11769.2,8782.1,0.0,361.3
328,24-Nov,3,40-60%,306.0,25.1,709.17,507.963,12229.8,8662.1,0.0,25.2
329,25-Nov,3,40-60%,306.0,25.1,708.88,508.128,12290.7,8637.4,0.0,0.0
330,26-Nov,3,40-60%,306.0,25.1,708.66,507.928,11548.7,8633.8,0.0,0.0
331,27-Nov,3,40-60%,306.0,25.1,708.39,508.033,12028.7,8567.3,0.0,0.0
332,28-Nov,3,40-60%,306.0,25.1,708.16,507.884,11460.9,8552.6,0.0,0.0
333,29-Nov,3,40-60%,306.0,25.1,707.88,508.029,12039.0,8548.2,0.0,0.0
334,30-Nov,3,40-60%,306.0,25.1,707.61,508.138,11945.3,8543.9,0.0,0.0
335,01-Dec,3,40-60%,252.5,25.0,707.33,507.832,10222.9,7966.9,0.0,0.0
336,02-Dec,3,40-60%,252.5,25.0,707.01,507.805,10631.1,7866.6,0.0,0.0
337,03-Dec,3,40-60%,252.5,25.0,706.7,507.751,10557.9,7861.7,0.0,0.0
338,04-Dec,3,40-60%,252.5,25.0,706.39,507.766,10491.6,7741.6,0.0,0.0
339,05-Dec,3,40-60%,252.5,25.0,706.11,507.571,10039.3,7730.5,0.0,0.0
340,06-Dec,3,40-60%,252.5,25.0,705.8,507.589,10456.8,7725.6,0.0,0.0
341,07-Dec,3,40-60%,252.5,25.0,705.51,507.515,10248.2,7720.7,0.0,0.0
342,08-Dec,3,40-60%,220.9,20.1,705.17,507.502,9605.5,7124.7,0.0,0.0
343,09-Dec,3,40-60%,220.9,20.1,704.84,507.497,9579.5,7108.5,0.0,0.0
344,10-Dec,3,40-60%,220.9,20.1,704.51,507.406,9379.6,7102.9,0.0,0.0
345,11-Dec,3,40-60%,220.9,20.1,704.18,507.418,9494.5,7051.5,0.0,0.0
346,12-Dec,3,40-60%,220.9,20.1,703.87,507.431,9242.7,6905.1,0.0,0.0
347,13-Dec,3,40-60%,220.9,20.1,703.61,507.352,8822.6,6762.9,0.0,0.0
348,14-Dec,3,40-60%,220.9,20.1,703.32,507.406,9073.2,6757.7,0.0,0.0
349,15-Dec,3,40-60%,220.9,20.1,703.03,507.462,9050.9,6752.6,0.0,0.0
350,16-Dec,3,40-60%,193.8,15.7,702.73,507.306,8176.0,6364.4,0.0,0.0
351,17-Dec,3,40-60%,193.8,15.7,702.45,507.141,8063.9,6296.0,0.0,0.0
352,18-Dec,3,40-60%,193.8,15.7,702.17,507.091,8023.2,6137.5,0.0,0.0
353,19-Dec,3,40-60%,193.8,15.7,701.89,507.037,7998.8,6131.2,0.0,0.0
354,20-Dec,3,40-60%,193.8,15.7,701.6,507.0,7974.7,6102.0,0.0,0.0
355,21-Dec,3,40-60%,193.8,15.7,701.32,507.0,7950.7,6050.0,0.0,0.0
356,22-Dec,3,40-60%,193.8,15.7,701.04,507.0,7927.0,6042.1,0.0,0.0
357,23-Dec,3,40-60%,193.8,15.7,700.75,507.0,7903.6,6034.3,0.0,0.0
358,24-Dec,3,40-60%,168.0,13.9,700.48,507.0,6907.5,5361.4,0.0,0.0
359,25-Dec,3,40-60%,168.0,13.9,700.21,507.0,6872.6,5344.2,0.0,0.0
360,26-Dec,3,40-60%,168.0,13.9,699.94,507.0,6852.0,5337.0,0.0,0.0
361,27-Dec,3,40-60%,168.0,13.9,699.67,507.0,6831.6,5329.9,0.0,0.0
362,28-Dec,3,40-60%,168.0,13.9,699.39,507.0,6811.4,5322.8,0.0,0.0
363,29-Dec,3,40-60%,168.0,13.9,699.15,507.0,6577.3,5179.3,0.0,0.0
364,30-Dec,3,40-60%,168.0,13.9,698.91,507.011,6558.3,5159.5,0.0,0.0
365,31-Dec,3,40-60%,168.0,13.9,699.53,507.0,382.2,1150.5,0.0,0.0
1,01-Jan,4,60-80%,136.7,13.5,724.24,509.988,14909.4,9600.0,0.0,11.6
2,02-Jan,4,60-80%,136.7,13.5,723.84,507.546,9558.6,9374.0,0.0,0.0
3,03-Jan,4,60-80%,136.7,13.5,723.44,507.229,9488.2,6772.2,0.0,0.0
4,04-Jan,4,60-80%,136.7,13.5,723.04,507.231,9418.4,6371.5,0.0,0.0
5,05-Jan,4,60-80%,136.7,13.5,722.64,507.231,9349.3,6348.8,0.0,0.0
6,06-Jan,4,60-80%,136.7,13.5,722.25,507.229,9280.8,6326.2,0.0,0.0
7,07-Jan,4,60-80%,136.7,13.5,721.85,507.226,9212.9,6303.8,0.0,0.0
8,08-Jan,4,60-80%,115.4,10.8,721.45,507.112,8359.4,5889.0,0.0,0.0
9,09-Jan,4,60-80%,115.4,10.8,721.05,507.0,8295.0,5855.3,0.0,0.0
10,10-Jan,4,60-80%,115.4,10.8,720.65,507.0,8231.3,5698.3,0.0,0.0
11,11-Jan,4,60-80%,115.4,10.8,720.25,507.0,8168.3,5674.6,0.0,0.0
12,12-Jan,4,60-80%,115.4,10.8,719.85,507.0,8105.8,5651.0,0.0,0.0
13,13-Jan,4,60-80%,115.4,10.8,719.45,507.0,8044.0,5627.6,0.0,0.0
14,14-Jan,4,60-80%,115.4,10.8,719.05,507.0,7982.8,5604.3,0.0,0.0
15,15-Jan,4,60-80%,115.4,10.8,718.65,507.0,7922.2,5581.1,0.0,0.0
16,16-Jan,4,60-80%,102.8,11.5,718.25,507.0,7410.0,5300.3,0.0,0.0
17,17-Jan,4,60-80%,102.8,11.5,717.85,507.0,7351.9,5277.4,0.0,0.0
18,18-Jan,4,60-80%,102.8,11.5,717.46,507.0,7294.4,5254.7,0.0,0.0
19,19-Jan,4,60-80%,102.8,11.5,717.06,507.0,7237.5,5232.2,0.0,0.0
20,20-Jan,4,60-80%,102.8,11.5,716.66,507.0,7181.2,5209.8,0.0,0.0
21,21-Jan,4,60-80%,102.8,11.5,716.26,507.0,7125.5,5187.6,0.0,0.0
22,22-Jan,4,60-80%,102.8,11.5,715.86,507.0,7070.4,5165.6,0.0,0.0
23,23-Jan,4,60-80%,102.8,11.5,715.46,507.0,7015.9,5143.7,0.0,0.0
24,24-Jan,4,60-80%,91.5,10.7,715.06,507.075,6566.4,4772.8,0.0,0.0
25,25-Jan,4,60-80%,91.5,10.7,715.06,507.094,0.0,2190.5,2266.0,0.0
26,26-Jan,4,60-80%,91.5,10.7,715.06,507.112,0.0,2190.5,2266.0,0.0
27,27-Jan,4,60-80%,91.5,10.7,715.06,507.131,0.0,2190.5,2266.0,0.0
28,28-Jan,4,60-80%,91.5,10.7,715.06,507.15,0.0,2190.5,2266.0,0.0
29,29-Jan,4,60-80%,91.5,10.7,715.06,507.179,0.0,2178.1,2266.0,0.0
30,30-Jan,4,60-80%,91.5,10.7,715.06,507.227,0.0,2156.4,2266.0,0.0
31,31-Jan,4,60-80%,91.5,10.7,715.06,507.275,0.0,2156.4,2266.0,0.0
32,01-Feb,4,60-80%,88.0,11.2,715.06,507.293,0.0,2128.7,2143.8,0.0
33,02-Feb,4,60-80%,88.0,11.2,715.06,507.312,0.0,2128.7,2143.8,0.0
34,03-Feb,4,60-80%,88.0,11.2,715.06,507.33,0.0,2128.6,2143.8,0.0
35,04-Feb,4,60-80%,88.0,11.2,715.06,507.349,0.0,2128.6,2143.8,0.0
36,05-Feb,4,60-80%,88.0,11.2,715.06,507.367,0.0,2128.6,2143.8,0.0
37,06-Feb,4,60-80%,88.0,11.2,715.06,507.385,0.0,2128.6,2143.8,0.0
38,07-Feb,4,60-80%,88.0,11.2,715.06,507.404,0.0,2128.6,2143.8,0.0
39,08-Feb,4,60-80%,92.3,13.4,715.06,507.41,0.0,2283.4,2293.2,0.0
40,09-Feb,4,60-80%,92.3,13.4,715.06,507.417,0.0,2283.4,2293.2,0.0
41,10-Feb,4,60-80%,92.3,13.4,715.06,507.423,0.0,2283.4,2293.2,0.0
42,11-Feb,4,60-80%,92.3,13.4,715.06,507.429,0.0,2283.4,2293.2,0.0
43,12-Feb,4,60-80%,92.3,13.4,715.06,507.436,0.0,2283.4,2293.2,0.0
44,13-Feb,4,60-80%,92.3,13.4,715.06,507.442,0.0,2283.4,2293.2,0.0
45,14-Feb,4,60-80%,92.3,13.4,715.06,507.449,0.0,2283.4,2293.2,0.0
46,15-Feb,4,60-80%,77.3,11.0,715.06,507.44,0.0,1924.6,1767.2,0.0
47,16-Feb,4,60-80%,77.3,11.0,715.06,507.431,0.0,1924.7,1767.2,0.0
48,17-Feb,4,60-80%,77.3,11.0,715.06,507.422,0.0,1924.7,1767.2,0.0
49,18-Feb,4,60-80%,77.3,11.0,715.06,507.413,0.0,1924.7,1767.2,0.0
50,19-Feb,4,60-80%,77.3,11.0,715.06,507.404,0.0,1924.7,1767.2,0.0
51,20-Feb,4,60-80%,77.3,11.0,715.06,507.404,0.0,1913.2,1767.2,0.0
52,21-Feb,4,60-80%,77.3,11.0,715.06,507.417,0.0,1899.6,1767.2,0.0
53,22-Feb,4,60-80%,71.6,9.5,715.06,507.417,0.0,1756.2,1563.5,0.0
54,23-Feb,4,60-80%,71.6,9.5,715.06,507.417,0.0,1756.2,1563.5,0.0
55,24-Feb,4,60-80%,71.6,9.5,715.06,507.418,0.0,1756.2,1563.5,0.0
56,25-Feb,4,60-80%,71.6,9.5,715.06,507.418,0.0,1756.2,1563.5,0.0
57,26-Feb,4,60-80%,71.6,9.5,715.06,507.418,0.0,1756.2,1563.5,0.0
58,27-Feb,4,60-80%,71.6,9.5,715.06,507.418,0.0,1756.2,1563.5,0.0
59,28-Feb,4,60-80%,71.6,9.5,715.03,507.564,0.0,1756.1,1846.1,0.0
60,01-Mar,4,60-80%,63.3,10.5,715.03,507.534,0.0,1635.4,1272.2,0.0
61,02-Mar,4,60-80%,63.3,10.5,715.03,507.504,0.0,1635.4,1272.2,0.0
62,03-Mar,4,60-80%,63.3,10.5,715.03,507.474,0.0,1635.4,1272.2,0.0
63,04-Mar,4,60-80%,63.3,10.5,715.03,507.632,0.0,1413.4,1272.2,0.0
64,05-Mar,4,60-80%,63.3,10.5,715.03,507.412,0.0,1858.5,1272.2,0.0
65,06-Mar,4,60-80%,63.3,10.5,715.01,507.472,0.0,1635.4,1449.2,0.0
66,07-Mar,4,60-80%,63.3,10.5,715.01,507.441,0.0,1635.5,1272.2,0.0
67,08-Mar,4,60-80%,61.1,8.8,715.01,507.403,0.0,1561.6,1196.7,0.0
68,09-Mar,4,60-80%,61.1,8.8,715.01,507.365,0.0,1561.6,1196.7,0.0
69,10-Mar,4,60-80%,61.1,8.8,715.01,507.326,0.0,1561.6,1196.7,0.0
70,11-Mar,4,60-80%,61.1,8.8,715.01,507.287,0.0,1561.7,1196.7,0.0
71,12-Mar,4,60-80%,61.1,8.8,715.01,507.247,0.0,1561.7,1196.7,0.0
72,13-Mar,4,60-80%,61.1,8.8,715.0,507.294,0.0,1561.7,1360.0,0.0
73,14-Mar,4,60-80%,61.1,8.8,715.0,507.254,0.0,1561.7,1196.7,0.0
74,15-Mar,4,60-80%,61.1,8.8,715.0,507.231,0.0,1561.7,1227.8,0.0
75,16-Mar,4,60-80%,57.8,8.1,714.98,507.28,0.0,1490.4,1275.3,0.0
76,17-Mar,4,60-80%,57.8,8.1,714.98,507.227,0.0,1490.5,1080.6,0.0
77,18-Mar,4,60-80%,57.8,8.1,714.94,507.386,0.0,1490.4,1483.3,0.0
78,19-Mar,4,60-80%,57.8,8.1,714.94,507.333,0.0,1490.5,1080.6,0.0
79,20-Mar,4,60-80%,57.8,8.1,714.94,507.28,0.0,1490.5,1080.6,0.0
80,21-Mar,4,60-80%,57.8,8.1,714.93,507.294,0.0,1490.4,1206.3,0.0
81,22-Mar,4,60-80%,57.8,8.1,714.93,507.25,0.0,1480.2,1080.5,0.0
82,23-Mar,4,60-80%,57.8,8.1,714.91,507.318,0.0,1456.7,1255.2,0.0
83,24-Mar,4,60-80%,57.9,9.4,714.89,507.396,0.0,1495.1,1290.6,0.0
84,25-Mar,4,60-80%,57.9,9.4,714.89,507.365,0.0,1495.2,1084.3,0.0
85,26-Mar,4,60-80%,57.9,9.4,714.88,507.397,0.0,1495.1,1202.3,0.0
86,27-Mar,4,60-80%,57.9,9.4,714.88,507.366,0.0,1495.1,1084.3,0.0
87,28-Mar,4,60-80%,57.9,9.4,714.85,507.5,0.0,1495.1,1398.7,0.0
88,29-Mar,4,60-80%,57.9,9.4,714.84,507.536,0.0,1495.0,1208.4,0.0
89,30-Mar,4,60-80%,57.9,9.4,714.84,507.505,0.0,1495.1,1084.2,0.0
90,31-Mar,4,60-80%,57.9,9.4,714.83,507.563,0.0,1401.7,1102.6,0.0
91,01-Apr,4,60-80%,56.1,10.0,714.83,507.558,0.0,1471.5,1070.7,0.0
92,02-Apr,4,60-80%,56.1,10.0,714.83,507.534,0.0,1471.5,1034.1,0.0
93,03-Apr,4,60-80%,56.1,10.0,714.83,507.502,0.0,1471.5,1020.7,0.0
94,04-Apr,4,60-80%,56.1,10.0,714.82,507.524,0.0,1471.5,1121.9,0.0
95,05-Apr,4,60-80%,56.1,10.0,714.82,507.492,0.0,1471.5,1020.6,0.0
96,06-Apr,4,60-80%,56.1,10.0,714.82,507.46,0.0,1470.5,1020.6,0.0
97,07-Apr,4,60-80%,56.1,10.0,714.8,507.524,0.0,1452.9,1172.1,0.0
98,08-Apr,4,60-80%,54.8,9.3,714.8,507.487,0.0,1435.4,974.3,0.0
99,09-Apr,4,60-80%,54.8,9.3,714.8,507.468,0.0,1435.3,1008.1,0.0
100,10-Apr,4,60-80%,54.8,9.3,714.77,507.594,0.0,1435.3,1286.9,0.0
101,11-Apr,4,60-80%,54.8,9.3,714.77,507.557,0.0,1435.3,973.4,0.0
102,12-Apr,4,60-80%,54.8,9.3,714.74,507.678,0.0,1435.2,1277.2,0.0
103,13-Apr,4,60-80%,54.8,9.3,714.74,507.654,0.0,1420.4,972.9,0.0
104,14-Apr,4,60-80%,54.8,9.3,714.74,507.656,0.0,1417.7,1018.3,0.0
105,15-Apr,4,60-80%,54.8,9.3,714.74,507.633,0.0,1417.7,972.3,0.0
106,16-Apr,4,60-80%,60.1,11.2,714.74,507.628,0.0,1554.2,1155.6,0.0
107,17-Apr,4,60-80%,60.1,11.2,714.74,507.622,0.0,1554.2,1155.2,0.0
108,18-Apr,4,60-80%,60.1,11.2,714.74,507.617,0.0,1552.6,1154.7,0.0
109,19-Apr,4,60-80%,60.1,11.2,714.73,507.694,0.0,1515.0,1247.8,0.0
110,20-Apr,4,60-80%,60.1,11.2,714.72,507.776,0.0,1500.9,1233.9,0.0
111,21-Apr,4,60-80%,60.1,11.2,714.7,507.908,0.0,1500.8,1328.4,0.0
112,22-Apr,4,60-80%,60.1,11.2,714.7,507.95,0.0,1498.2,1152.8,0.0
113,23-Apr,4,60-80%,74.9,14.0,714.69,508.029,0.0,1917.5,1798.0,0.0
114,24-Apr,4,60-80%,74.9,14.0,714.66,508.108,0.0,2022.8,1964.6,0.0
115,25-Apr,4,60-80%,74.9,14.0,714.63,508.211,0.0,2020.2,2003.4,0.0
116,26-Apr,4,60-80%,74.9,14.0,714.59,508.389,0.0,1981.6,2082.8,0.0
117,27-Apr,4,60-80%,74.9,14.0,714.55,508.555,0.0,1980.7,2060.0,0.0
118,28-Apr,4,60-80%,74.9,14.0,714.52,508.685,0.0,1959.1,1956.8,0.0
119,29-Apr,4,60-80%,74.9,14.0,714.47,509.017,0.0,1851.6,2165.4,0.0
120,30-Apr,4,60-80%,74.9,14.0,714.39,509.534,0.0,1783.8,2422.1,0.0
121,01-May,4,60-80%,78.5,14.6,714.51,509.441,0.0,1403.4,595.9,0.0
122,02-May,4,60-80%,78.5,14.6,714.6,509.476,0.0,1334.3,742.1,0.0
123,03-May,4,60-80%,78.5,14.6,714.71,509.483,0.0,1333.8,683.8,0.0
124,04-May,4,60-80%,78.5,14.6,714.82,509.439,0.0,1333.3,582.4,0.0
125,05-May,4,60-80%,78.5,14.6,714.93,509.375,0.0,1332.9,541.5,0.0
126,06-May,4,60-80%,78.5,14.6,715.04,509.338,0.0,1332.4,594.4,0.0
127,07-May,4,60-80%,78.5,14.6,715.13,509.369,0.0,1331.9,729.6,0.0
128,08-May,4,60-80%,67.0,11.1,715.2,509.294,0.0,1341.2,655.6,0.0
129,09-May,4,60-80%,67.0,11.1,715.27,509.206,0.0,1340.9,631.8,0.0
130,10-May,4,60-80%,67.0,11.1,715.34,509.077,0.0,1340.5,551.8,0.0
131,11-May,4,60-80%,67.0,11.1,715.41,508.954,0.0,1340.1,562.9,0.0
132,12-May,4,60-80%,67.0,11.1,715.48,508.889,0.0,1339.5,676.1,0.0
133,13-May,4,60-80%,67.0,11.1,715.55,508.772,0.0,1339.1,572.0,0.0
134,14-May,4,60-80%,67.0,11.1,715.61,508.687,0.0,1338.6,629.8,0.0
135,15-May,4,60-80%,67.0,11.1,715.66,508.695,0.0,1338.3,818.8,0.0
136,16-May,4,60-80%,97.9,15.0,715.82,508.536,0.0,1558.4,692.2,0.0
137,17-May,4,60-80%,97.9,15.0,715.97,508.353,0.0,1558.0,643.9,0.0
138,18-May,4,60-80%,97.9,15.0,716.13,508.167,0.0,1557.6,642.1,0.0
139,19-May,4,60-80%,97.9,15.0,716.29,507.98,0.0,1557.2,640.3,0.0
140,20-May,4,60-80%,97.9,15.0,716.45,507.792,0.0,1556.8,638.6,0.0
141,21-May,4,60-80%,97.9,15.0,716.6,507.602,0.0,1556.4,636.8,0.0
142,22-May,4,60-80%,97.9,15.0,716.76,507.41,0.0,1556.0,635.0,0.0
143,23-May,4,60-80%,97.9,15.0,716.91,507.217,0.0,1555.6,633.2,0.0
144,24-May,4,60-80%,169.0,21.5,717.31,507.0,0.0,1823.3,805.2,0.0
145,25-May,4,60-80%,169.0,21.5,717.09,507.264,7868.1,5528.6,0.0,0.0
146,26-May,4,60-80%,169.0,21.5,716.86,507.129,7822.3,5509.7,0.0,463.8
147,27-May,4,60-80%,169.0,21.5,716.66,507.0,7396.2,5491.0,0.0,217.7
148,28-May,4,60-80%,169.0,21.5,716.43,507.246,7732.0,5472.4,0.0,0.0
149,29-May,4,60-80%,169.0,21.5,716.19,507.199,7687.6,5454.0,0.0,341.5
150,30-May,4,60-80%,169.0,21.5,715.95,507.435,7643.7,5435.7,0.0,0.0
151,31-May,4,60-80%,169.0,21.5,715.71,507.231,7508.6,5417.5,0.0,463.1
152,01-Jun,4,60-80%,215.6,25.7,715.44,507.418,9590.7,6806.4,0.0,0.0
153,02-Jun,4,60-80%,215.6,25.7,715.17,507.585,9516.2,6791.3,0.0,0.0
154,03-Jun,4,60-80%,215.6,25.7,714.92,507.647,9272.6,6776.9,0.0,0.0
155,04-Jun,4,60-80%,215.6,25.7,714.67,507.526,9237.6,6762.6,0.0,212.0
156,05-Jun,4,60-80%,215.6,25.7,714.45,507.366,8793.4,6749.0,0.0,0.0
157,06-Jun,4,60-80%,215.6,25.7,714.18,507.53,9394.0,6735.5,0.0,0.0
158,07-Jun,4,60-80%,215.6,25.7,713.9,507.691,9355.4,6722.8,0.0,0.0
159,08-Jun,4,60-80%,222.2,22.5,713.69,507.05,9017.2,7118.4,0.0,291.5
160,09-Jun,4,60-80%,222.2,22.5,713.44,507.019,9460.6,6945.6,0.0,0.0
161,10-Jun,4,60-80%,222.2,22.5,713.15,507.237,9799.8,6874.5,0.0,0.0
162,11-Jun,4,60-80%,222.2,22.5,712.86,507.425,9713.0,6863.8,0.0,0.0
163,12-Jun,4,60-80%,222.2,22.5,712.59,507.516,9497.0,6853.2,0.0,0.0
164,13-Jun,4,60-80%,222.2,22.5,712.34,507.531,9214.5,6775.1,0.0,0.0
165,14-Jun,4,60-80%,222.2,22.5,712.16,507.238,8497.0,6697.4,0.0,0.0
166,15-Jun,4,60-80%,222.2,22.5,711.9,507.332,9242.9,6688.4,0.0,0.0
167,16-Jun,4,60-80%,298.0,36.9,711.78,507.639,10693.1,7683.5,0.0,0.0
168,17-Jun,4,60-80%,298.0,36.9,711.79,507.178,9247.6,7673.3,0.0,0.0
169,18-Jun,4,60-80%,298.0,36.9,711.67,507.293,10519.8,7525.7,0.0,251.7
170,19-Jun,4,60-80%,298.0,36.9,711.54,507.685,10625.8,7517.7,0.0,0.0
171,20-Jun,4,60-80%,298.0,36.9,711.53,507.453,9291.9,7441.5,0.0,0.0
172,21-Jun,4,60-80%,298.0,36.9,711.42,507.827,10369.0,7365.8,0.0,0.0
173,22-Jun,4,60-80%,298.0,36.9,711.36,507.875,9702.5,7358.7,0.0,0.0
174,23-Jun,4,60-80%,318.9,44.7,711.14,508.199,12189.4,8802.9,0.0,0.0
175,24-Jun,4,60-80%,318.9,44.7,710.96,508.028,11776.5,8799.1,0.0,328.9
176,25-Jun,4,60-80%,318.9,44.7,710.76,508.31,11884.9,8666.7,0.0,0.0
177,26-Jun,4,60-80%,318.9,44.7,710.69,508.056,10787.5,8606.9,0.0,0.0
178,27-Jun,4,60-80%,318.9,44.7,710.51,507.957,11692.6,8602.5,0.0,393.7
179,28-Jun,4,60-80%,318.9,44.7,710.34,508.205,11588.3,8530.0,0.0,0.0
180,29-Jun,4,60-80%,318.9,44.7,710.3,507.429,10083.9,8526.0,0.0,297.1
181,30-Jun,4,60-80%,318.9,44.7,710.1,507.811,11894.3,8485.5,0.0,60.7
182,01-Jul,4,60-80%,296.1,41.8,709.88,507.669,11230.0,8546.1,0.0,130.2
183,02-Jul,4,60-80%,296.1,41.8,709.68,507.659,11103.1,8436.0,0.0,0.0
184,03-Jul,4,60-80%,296.1,41.8,709.48,507.705,11084.3,8265.9,0.0,91.5
185,04-Jul,4,60-80%,296.1,41.8,709.27,507.903,11065.6,8170.6,0.0,0.0
186,05-Jul,4,60-80%,296.1,41.8,709.1,507.54,10583.7,8167.0,0.0,383.5
187,06-Jul,4,60-80%,296.1,41.8,708.89,507.637,11029.0,8163.4,0.0,101.9
188,07-Jul,4,60-80%,296.1,41.8,708.68,507.756,11011.0,8137.9,0.0,100.9
189,08-Jul,4,60-80%,251.4,30.8,708.39,507.731,10405.0,7820.3,0.0,0.0
190,09-Jul,4,60-80%,251.4,30.8,708.12,507.665,10207.6,7742.1,0.0,0.0
191,10-Jul,4,60-80%,251.4,30.8,707.87,507.606,10052.6,7640.6,0.0,0.0
192,11-Jul,4,60-80%,251.4,30.8,707.65,507.387,9733.2,7606.3,0.0,16.9
193,12-Jul,4,60-80%,251.4,30.8,707.37,507.486,10202.5,7556.7,0.0,0.0
194,13-Jul,4,60-80%,251.4,30.8,707.16,507.279,9576.7,7525.2,0.0,0.0
195,14-Jul,4,60-80%,251.4,30.8,706.87,507.431,10158.6,7480.5,0.0,0.0
196,15-Jul,4,60-80%,251.4,30.8,706.63,507.462,9828.3,7422.8,0.0,0.0
197,16-Jul,4,60-80%,211.6,21.2,706.33,507.239,8946.6,6978.6,0.0,0.0
198,17-Jul,4,60-80%,211.6,21.2,706.02,507.166,9086.0,6879.6,0.0,0.0
199,18-Jul,4,60-80%,211.6,21.2,705.7,507.174,9061.9,6777.4,0.0,0.0
200,19-Jul,4,60-80%,211.6,21.2,705.39,507.183,9038.0,6769.6,0.0,0.0
201,20-Jul,4,60-80%,211.6,21.2,705.07,507.193,9015.9,6762.3,0.0,0.0
202,21-Jul,4,60-80%,211.6,21.2,704.75,507.205,8994.1,6755.1,0.0,0.0
203,22-Jul,4,60-80%,211.6,21.2,704.43,507.217,8972.5,6748.0,0.0,0.0
204,23-Jul,4,60-80%,211.6,21.2,704.12,507.231,8951.0,6740.9,0.0,0.0
205,24-Jul,4,60-80%,236.1,28.0,703.79,507.36,9779.3,7323.2,0.0,0.0
206,25-Jul,4,60-80%,236.1,28.0,703.48,507.403,9603.8,7317.6,0.0,0.0
207,26-Jul,4,60-80%,236.1,28.0,703.28,507.047,8877.8,7312.0,0.0,0.0
208,27-Jul,4,60-80%,236.1,28.0,702.95,507.158,9660.7,7279.8,0.0,0.0
209,28-Jul,4,60-80%,236.1,28.0,702.66,507.26,9425.5,7149.2,0.0,0.0
210,29-Jul,4,60-80%,236.1,28.0,702.46,507.0,8758.4,7142.2,0.0,0.0
211,30-Jul,4,60-80%,236.1,28.0,702.17,507.072,9334.1,7135.2,0.0,0.0
212,31-Jul,4,60-80%,236.1,28.0,701.85,507.259,9516.8,7128.3,0.0,0.0
213,01-Aug,4,60-80%,269.5,34.4,701.55,507.652,10444.4,7651.3,0.0,0.0
214,02-Aug,4,60-80%,269.5,34.4,701.31,507.824,10028.9,7646.2,0.0,0.0
215,03-Aug,4,60-80%,269.5,34.4,701.27,507.197,8590.8,7641.0,0.0,0.0
216,04-Aug,4,60-80%,269.5,34.4,701.03,507.325,9950.8,7635.8,0.0,0.0
217,05-Aug,4,60-80%,269.5,34.4,700.73,507.698,10360.0,7630.7,0.0,0.0
218,06-Aug,4,60-80%,269.5,34.4,700.61,507.362,9021.6,7601.8,0.0,0.0
219,07-Aug,4,60-80%,269.5,34.4,700.34,507.644,10084.1,7566.9,0.0,0.0
220,08-Aug,4,60-80%,240.9,28.8,700.02,507.461,9520.0,7659.3,0.0,0.0
221,09-Aug,4,60-80%,240.9,28.8,699.72,507.337,9315.4,7452.3,0.0,0.0
222,10-Aug,4,60-80%,240.9,28.8,699.41,507.222,9343.0,7246.0,0.0,216.2
223,11-Aug,4,60-80%,240.9,28.8,699.11,507.288,9319.7,7240.2,0.0,0.0
224,12-Aug,4,60-80%,240.9,28.8,698.81,507.232,9267.6,7234.5,0.0,120.3
225,13-Aug,4,60-80%,240.9,28.8,698.51,507.262,9218.5,7228.8,0.0,0.0
226,14-Aug,4,60-80%,240.9,28.8,698.24,507.231,9020.8,7180.7,0.0,0.0
227,15-Aug,4,60-80%,240.9,28.8,697.97,507.231,8972.6,7121.0,0.0,0.0
228,16-Aug,4,60-80%,257.8,29.9,697.73,507.158,9315.9,7478.2,0.0,0.0
229,17-Aug,4,60-80%,257.8,29.9,697.49,507.08,9297.0,7473.1,0.0,0.0
230,18-Aug,4,60-80%,257.8,29.9,697.2,507.177,9552.5,7452.4,0.0,0.0
231,19-Aug,4,60-80%,257.8,29.9,696.94,507.246,9362.6,7363.3,0.0,0.0
232,20-Aug,4,60-80%,257.8,29.9,696.79,507.018,8714.5,7273.2,0.0,0.0
233,21-Aug,4,60-80%,257.8,29.9,696.52,507.187,9376.6,7264.9,0.0,0.0
234,22-Aug,4,60-80%,257.8,29.9,696.3,507.253,9073.6,7192.2,0.0,0.0
235,23-Aug,4,60-80%,257.8,29.9,696.04,507.024,9233.4,7188.1,0.0,469.7
236,24-Aug,4,60-80%,307.3,37.0,695.96,507.0,9634.1,7846.6,0.0,0.0
237,25-Aug,4,60-80%,307.3,37.0,695.89,507.0,9618.0,7815.5,0.0,0.0
238,26-Aug,4,60-80%,307.3,37.0,695.8,507.0,9631.2,7813.0,0.0,7.4
239,27-Aug,4,60-80%,307.3,37.0,695.6,507.461,10401.6,7810.6,0.0,0.0
240,28-Aug,4,60-80%,307.3,37.0,695.56,507.557,9386.9,7567.7,0.0,0.0
241,29-Aug,4,60-80%,307.3,37.0,695.54,507.692,9157.4,7388.8,0.0,0.0
242,30-Aug,4,60-80%,307.3,37.0,695.67,507.231,8091.7,7386.2,0.0,0.0
243,31-Aug,4,60-80%,307.3,37.0,695.67,507.309,9083.4,7385.7,0.0,0.0
244,01-Sep,4,60-80%,308.6,33.4,695.69,507.462,8961.2,7135.3,0.0,0.0
245,02-Sep,4,60-80%,308.6,33.4,695.85,507.043,7906.0,7131.4,0.0,0.0
246,03-Sep,4,60-80%,308.6,33.4,695.83,507.298,9126.3,7129.6,0.0,0.0
247,04-Sep,4,60-80%,308.6,33.4,695.87,507.425,8828.5,7062.6,0.0,0.0
248,05-Sep,4,60-80%,308.6,33.4,695.86,507.774,9168.2,7038.5,0.0,0.0
249,06-Sep,4,60-80%,308.6,33.4,696.05,507.216,7515.3,7037.2,0.0,0.0
250,07-Sep,4,60-80%,308.6,33.4,696.05,507.506,9069.6,7032.3,0.0,0.0
251,08-Sep,4,60-80%,279.1,28.2,696.01,507.485,8436.0,6872.6,0.0,0.0
252,09-Sep,4,60-80%,279.1,28.2,696.02,507.323,8066.9,6790.6,0.0,0.0
253,10-Sep,4,60-80%,279.1,28.2,695.94,507.588,8747.0,6733.4,0.0,0.0
254,11-Sep,4,60-80%,279.1,28.2,695.98,507.318,7746.5,6730.9,0.0,0.0
255,12-Sep,4,60-80%,279.1,28.2,696.0,507.133,7935.7,6729.7,0.0,0.0
256,13-Sep,4,60-80%,279.1,28.2,696.0,507.006,8035.0,6728.8,0.0,0.0
257,14-Sep,4,60-80%,279.1,28.2,695.97,507.085,8346.2,6686.1,0.0,0.0
258,15-Sep,4,60-80%,279.1,28.2,695.89,507.375,8700.0,6677.6,0.0,0.0
259,16-Sep,4,60-80%,292.0,27.6,695.88,507.173,8601.6,7214.6,0.0,0.0
260,17-Sep,4,60-80%,292.0,27.6,695.79,507.269,9123.6,7213.4,0.0,0.0
261,18-Sep,4,60-80%,292.0,27.6,695.72,507.315,8985.2,7180.3,0.0,0.0
262,19-Sep,4,60-80%,292.0,27.6,695.73,507.16,8542.4,7108.7,0.0,0.0
263,20-Sep,4,60-80%,292.0,27.6,695.66,507.268,8966.7,7107.8,0.0,0.0
264,21-Sep,4,60-80%,292.0,27.6,695.55,507.56,9286.0,7107.0,0.0,0.0
265,22-Sep,4,60-80%,292.0,27.6,695.61,507.231,8187.1,7106.1,0.0,0.0
266,23-Sep,4,60-80%,336.4,31.1,695.67,507.0,9404.5,7901.9,0.0,0.0
267,24-Sep,4,60-80%,336.4,31.1,695.64,507.19,10177.5,7901.5,0.0,0.0
268,25-Sep,4,60-80%,336.4,31.1,695.68,507.045,9553.9,7901.1,0.0,0.0
269,26-Sep,4,60-80%,336.4,31.1,695.58,507.484,10591.1,7900.7,0.0,0.0
270,27-Sep,4,60-80%,336.4,31.1,695.59,507.496,9822.8,7900.2,0.0,0.0
271,28-Sep,4,60-80%,336.4,31.1,695.53,507.75,10224.2,7899.8,0.0,0.0
272,29-Sep,4,60-80%,336.4,31.1,695.54,507.767,9801.6,7899.4,0.0,0.0
273,30-Sep,4,60-80%,336.4,31.1,695.74,507.0,8411.4,7898.9,0.0,0.0
274,01-Oct,4,60-80%,373.2,31.1,695.77,507.003,10795.6,8571.0,0.0,0.0
275,02-Oct,4,60-80%,373.2,31.1,695.74,507.314,11323.2,8570.6,0.0,0.0
276,03-Oct,4,60-80%,373.2,31.1,695.62,507.933,11833.9,8570.2,0.0,0.0
277,04-Oct,4,60-80%,373.2,31.1,695.63,508.092,10986.0,8569.7,0.0,0.0
278,05-Oct,4,60-80%,373.2,31.1,695.87,507.314,9333.2,8569.3,0.0,0.0
279,06-Oct,4,60-80%,373.2,31.1,695.8,507.769,11589.7,8568.9,0.0,0.0
280,07-Oct,4,60-80%,373.2,31.1,695.72,508.164,11421.0,8568.4,0.0,0.0
281,08-Oct,4,60-80%,421.1,39.5,695.78,508.577,12276.1,9338.9,0.0,0.0
282,09-Oct,4,60-80%,421.1,39.5,696.21,507.68,9962.2,9338.4,0.0,0.0
283,10-Oct,4,60-80%,421.1,39.5,696.02,508.918,13682.7,9338.0,0.0,0.0
284,11-Oct,4,60-80%,421.1,39.5,696.27,508.615,11040.4,9337.5,0.0,0.0
285,12-Oct,4,60-80%,421.1,39.5,696.88,507.0,8782.9,9337.1,0.0,0.0
286,13-Oct,4,60-80%,421.1,39.5,697.04,507.0,11689.2,9336.7,0.0,0.0
287,14-Oct,4,60-80%,421.1,39.5,697.14,507.224,12086.2,9336.2,0.0,0.0
288,15-Oct,4,60-80%,421.1,39.5,696.91,508.649,14109.4,9335.8,0.0,0.0
289,16-Oct,4,60-80%,443.5,45.8,697.64,507.0,8652.7,9366.8,0.0,0.0
290,17-Oct,4,60-80%,443.5,45.8,697.92,507.0,11603.0,9366.4,0.0,0.0
291,18-Oct,4,60-80%,443.5,45.8,698.19,507.025,11670.2,9366.0,0.0,0.0
292,19-Oct,4,60-80%,443.5,45.8,698.35,507.42,12307.1,9365.5,0.0,0.0
293,20-Oct,4,60-80%,443.5,45.8,698.6,507.541,11857.2,9365.1,0.0,0.0
294,21-Oct,4,60-80%,443.5,45.8,698.6,508.51,13257.4,9364.6,0.0,0.0
295,22-Oct,4,60-80%,443.5,45.8,698.71,509.143,12700.4,9364.2,0.0,0.0
296,23-Oct,4,60-80%,443.5,45.8,699.43,507.455,8651.9,9363.7,0.0,0.0
297,24-Oct,4,60-80%,437.4,44.3,699.34,508.48,13792.6,9546.0,0.0,0.0
298,25-Oct,4,60-80%,437.4,44.3,699.47,508.641,12213.1,9545.6,0.0,0.0
299,26-Oct,4,60-80%,437.4,44.3,699.44,509.524,13489.9,9509.1,0.0,0.0
300,27-Oct,4,60-80%,437.4,44.3,699.75,509.054,10986.8,9457.2,0.0,0.0
301,28-Oct,4,60-80%,437.4,44.3,700.1,508.427,10548.1,9387.4,0.0,0.0
302,29-Oct,4,60-80%,437.4,44.3,700.17,508.95,12740.4,9383.5,0.0,0.0
303,30-Oct,4,60-80%,437.4,44.3,700.68,507.777,9676.9,9383.0,0.0,0.0
304,31-Oct,4,60-80%,437.4,44.3,700.82,507.961,12131.4,9382.4,0.0,0.0
305,01-Nov,4,60-80%,416.5,33.3,700.89,508.029,12024.6,9216.1,0.0,0.0
306,02-Nov,4,60-80%,416.5,33.3,700.93,508.258,12386.3,9215.5,0.0,0.0
307,03-Nov,4,60-80%,416.5,33.3,700.95,508.605,12582.4,9215.0,0.0,0.0
308,04-Nov,4,60-80%,416.5,33.3,701.04,508.676,12035.7,9214.5,0.0,0.0
309,05-Nov,4,60-80%,416.5,33.3,701.04,509.055,12637.5,9214.1,0.0,0.0
310,06-Nov,4,60-80%,416.5,33.3,701.15,509.003,11809.9,9213.6,0.0,0.0
311,07-Nov,4,60-80%,416.5,33.3,701.2,509.219,12350.5,9213.1,0.0,0.0
312,08-Nov,4,60-80%,388.4,37.2,701.22,509.051,11628.2,9306.9,0.0,0.0
313,09-Nov,4,60-80%,388.4,37.2,701.16,509.307,12407.8,9306.4,0.0,0.0
314,10-Nov,4,60-80%,388.4,37.2,701.54,507.796,9243.5,9306.0,0.0,0.0
315,11-Nov,4,60-80%,388.4,37.2,701.46,508.109,12585.3,9305.5,0.0,0.0
316,12-Nov,4,60-80%,388.4,37.2,701.5,507.859,11567.2,9305.0,0.0,0.0
317,13-Nov,4,60-80%,388.4,37.2,701.45,508.05,12377.7,9304.5,0.0,0.0
318,14-Nov,4,60-80%,388.4,37.2,701.26,508.745,13203.6,9304.0,0.0,0.0
319,15-Nov,4,60-80%,388.4,37.2,701.31,508.501,11526.8,9303.6,0.0,0.0
320,16-Nov,4,60-80%,331.5,23.0,701.09,508.251,11789.7,9167.1,0.0,0.0
321,17-Nov,4,60-80%,331.5,23.0,700.89,507.762,11320.2,9166.6,0.0,0.0
322,18-Nov,4,60-80%,331.5,23.0,700.67,507.63,11774.3,9005.2,0.0,0.0
323,19-Nov,4,60-80%,331.5,23.0,700.41,507.761,11956.7,8827.9,0.0,0.0
324,20-Nov,4,60-80%,331.5,23.0,700.17,507.886,11825.2,8764.1,0.0,0.0
325,21-Nov,4,60-80%,331.5,23.0,699.9,508.135,12005.2,8751.9,0.0,0.0
326,22-Nov,4,60-80%,331.5,23.0,699.63,508.385,11977.7,8749.5,0.0,0.0
327,23-Nov,4,60-80%,282.1,19.6,699.36,508.112,10319.4,8213.0,0.0,0.0
328,24-Nov,4,60-80%,282.1,19.6,699.1,507.833,10249.5,8166.5,0.0,0.0
329,25-Nov,4,60-80%,282.1,19.6,698.85,507.653,10223.1,8030.7,0.0,0.0
330,26-Nov,4,60-80%,282.1,19.6,698.59,507.527,10197.7,7949.7,0.0,0.0
331,27-Nov,4,60-80%,282.1,19.6,698.33,507.475,10172.7,7856.5,0.0,0.0
332,28-Nov,4,60-80%,282.1,19.6,698.07,507.42,10147.7,7851.9,0.0,0.0
333,29-Nov,4,60-80%,282.1,19.6,697.81,507.362,10123.0,7847.4,0.0,0.0
334,30-Nov,4,60-80%,282.1,19.6,697.55,507.318,10098.4,7823.1,0.0,0.0
335,01-Dec,4,60-80%,225.4,22.9,697.28,507.191,8263.8,6757.7,0.0,0.0
336,02-Dec,4,60-80%,225.4,22.9,697.02,507.163,8241.9,6633.1,0.0,0.0
337,03-Dec,4,60-80%,225.4,22.9,696.77,507.166,8126.5,6527.9,0.0,0.0
338,04-Dec,4,60-80%,225.4,22.9,696.55,507.168,7964.4,6428.7,0.0,0.0
339,05-Dec,4,60-80%,225.4,22.9,696.39,507.005,7485.9,6308.7,0.0,0.0
340,06-Dec,4,60-80%,225.4,22.9,696.22,507.003,7620.3,6214.5,0.0,0.0
341,07-Dec,4,60-80%,225.4,22.9,696.07,507.0,7435.8,6092.4,0.0,0.0
342,08-Dec,4,60-80%,228.7,26.9,695.99,507.059,7051.7,5878.2,0.0,0.0
343,09-Dec,4,60-80%,228.7,26.9,695.88,507.231,7238.2,5874.7,0.0,0.0
344,10-Dec,4,60-80%,228.7,26.9,695.81,507.231,6921.3,5871.1,0.0,0.0
345,11-Dec,4,60-80%,228.7,26.9,695.81,507.0,6453.2,5825.2,0.0,0.0
346,12-Dec,4,60-80%,228.7,26.9,695.72,507.164,7096.5,5788.2,0.0,0.0
347,13-Dec,4,60-80%,228.7,26.9,695.7,507.0,6511.6,5785.2,0.0,0.0
348,14-Dec,4,60-80%,228.7,26.9,695.62,507.158,7075.5,5782.2,0.0,0.0
349,15-Dec,4,60-80%,228.7,26.9,695.55,507.231,6910.7,5779.2,0.0,0.0
350,16-Dec,4,60-80%,179.1,22.1,695.43,507.219,5709.2,4954.3,0.0,0.0
351,17-Dec,4,60-80%,179.1,22.1,695.32,507.206,5698.9,4951.9,0.0,0.0
352,18-Dec,4,60-80%,179.1,22.1,695.2,507.192,5657.8,4928.8,0.0,0.0
353,19-Dec,4,60-80%,179.1,22.1,695.11,507.178,5535.6,4851.4,0.0,0.0
354,20-Dec,4,60-80%,179.1,22.1,695.02,507.162,5526.6,4849.5,0.0,0.0
355,21-Dec,4,60-80%,179.1,22.1,694.93,507.145,5517.6,4847.7,0.0,0.0
356,22-Dec,4,60-80%,179.1,22.1,694.84,507.127,5508.7,4845.8,0.0,0.0
357,23-Dec,4,60-80%,179.1,22.1,694.74,507.108,5499.8,4844.0,0.0,0.0
358,24-Dec,4,60-80%,178.7,14.8,694.68,507.231,5299.7,4375.4,0.0,0.0
359,25-Dec,4,60-80%,178.7,14.8,694.71,507.0,4588.9,4315.3,0.0,0.0
360,26-Dec,4,60-80%,178.7,14.8,694.66,507.151,5159.1,4245.9,0.0,0.0
361,27-Dec,4,60-80%,178.7,14.8,694.68,507.0,4623.5,4245.0,0.0,0.0
362,28-Dec,4,60-80%,178.7,14.8,694.64,507.146,5150.5,4244.0,0.0,0.0
363,29-Dec,4,60-80%,178.7,14.8,694.61,507.231,5033.2,4243.0,0.0,0.0
364,30-Dec,4,60-80%,178.7,14.8,694.64,507.0,4466.3,4242.1,0.0,0.0
365,31-Dec,4,60-80%,178.7,14.8,695.34,507.0,429.8,1202.5,0.0,0.0
1,01-Jan,5,80-100%,100.1,13.9,724.14,510.0,14890.6,9600.0,0.0,0.0
2,02-Jan,5,80-100%,100.1,13.9,723.74,507.21,8172.9,8986.1,0.0,0.0
3,03-Jan,5,80-100%,100.1,13.9,723.34,507.0,8106.6,5846.1,0.0,0.0
4,04-Jan,5,80-100%,100.1,13.9,722.94,507.0,8040.9,5574.1,0.0,0.0
5,05-Jan,5,80-100%,100.1,13.9,722.55,507.0,7975.8,5549.5,0.0,0.0
6,06-Jan,5,80-100%,100.1,13.9,722.15,507.0,7911.4,5525.1,0.0,0.0
7,07-Jan,5,80-100%,100.1,13.9,721.75,507.0,7847.5,5500.8,0.0,0.0
8,08-Jan,5,80-100%,84.9,11.5,721.35,507.0,7224.0,5094.8,0.0,0.0
9,09-Jan,5,80-100%,84.9,11.5,720.95,507.0,7163.0,5070.8,0.0,0.0
10,10-Jan,5,80-100%,84.9,11.5,720.55,507.0,7102.6,5046.9,0.0,0.0
11,11-Jan,5,80-100%,84.9,11.5,720.15,507.0,7042.8,5023.2,0.0,0.0
12,12-Jan,5,80-100%,84.9,11.5,719.75,507.0,6983.6,4999.7,0.0,0.0
13,13-Jan,5,80-100%,84.9,11.5,719.35,507.0,6925.0,4976.3,0.0,0.0
14,14-Jan,5,80-100%,84.9,11.5,718.95,507.0,6867.0,4953.0,0.0,0.0
15,15-Jan,5,80-100%,84.9,11.5,718.55,507.0,6809.6,4929.9,0.0,0.0
16,16-Jan,5,80-100%,73.6,10.4,718.16,507.0,6348.5,4639.4,0.0,0.0
17,17-Jan,5,80-100%,73.6,10.4,717.76,507.0,6293.4,4616.6,0.0,0.0
18,18-Jan,5,80-100%,73.6,10.4,717.36,507.0,6238.9,4593.9,0.0,0.0
19,19-Jan,5,80-100%,73.6,10.4,716.96,507.0,6185.0,4571.5,0.0,0.0
20,20-Jan,5,80-100%,73.6,10.4,716.56,507.0,6131.7,4549.1,0.0,0.0
21,21-Jan,5,80-100%,73.6,10.4,716.16,507.0,6078.9,4527.0,0.0,0.0
22,22-Jan,5,80-100%,73.6,10.4,715.76,507.0,6026.7,4504.9,0.0,0.0
23,23-Jan,5,80-100%,73.6,10.4,715.36,507.034,5975.2,4444.0,0.0,0.0
24,24-Jan,5,80-100%,69.7,11.1,714.96,507.381,5786.2,3978.0,0.0,0.0
25,25-Jan,5,80-100%,69.7,11.1,714.96,507.39,0.0,1741.4,1497.2,0.0
26,26-Jan,5,80-100%,69.7,11.1,714.96,507.398,0.0,1741.4,1497.2,0.0
27,27-Jan,5,80-100%,69.7,11.1,714.96,507.407,0.0,1741.4,1497.2,0.0
28,28-Jan,5,80-100%,69.7,11.1,714.96,507.416,0.0,1741.4,1497.2,0.0
29,29-Jan,5,80-100%,69.7,11.1,714.96,507.424,0.0,1741.4,1497.2,0.0
30,30-Jan,5,80-100%,69.7,11.1,714.96,507.433,0.0,1741.4,1497.2,0.0
31,31-Jan,5,80-100%,69.7,11.1,714.96,507.442,0.0,1741.4,1497.2,0.0
32,01-Feb,5,80-100%,67.0,10.5,714.96,507.439,0.0,1683.0,1400.6,0.0
33,02-Feb,5,80-100%,67.0,10.5,714.96,507.436,0.0,1683.0,1400.6,0.0
34,03-Feb,5,80-100%,67.0,10.5,714.96,507.433,0.0,1683.0,1400.6,0.0
35,04-Feb,5,80-100%,67.0,10.5,714.96,507.431,0.0,1683.0,1400.6,0.0
36,05-Feb,5,80-100%,67.0,10.5,714.96,507.428,0.0,1683.0,1400.6,0.0
37,06-Feb,5,80-100%,67.0,10.5,714.96,507.425,0.0,1683.0,1400.6,0.0
38,07-Feb,5,80-100%,67.0,10.5,714.96,507.422,0.0,1683.0,1400.6,0.0
39,08-Feb,5,80-100%,61.1,10.9,714.96,507.411,0.0,1574.7,1193.7,0.0
40,09-Feb,5,80-100%,61.1,10.9,714.96,507.399,0.0,1574.7,1193.7,0.0
41,10-Feb,5,80-100%,61.1,10.9,714.96,507.387,0.0,1574.7,1193.7,0.0
42,11-Feb,5,80-100%,61.1,10.9,714.96,507.375,0.0,1574.7,1193.7,0.0
43,12-Feb,5,80-100%,61.1,10.9,714.96,507.363,0.0,1574.7,1193.7,0.0
44,13-Feb,5,80-100%,61.1,10.9,714.96,507.351,0.0,1574.7,1193.7,0.0
45,14-Feb,5,80-100%,61.1,10.9,714.96,507.339,0.0,1574.7,1193.7,0.0
46,15-Feb,5,80-100%,58.4,9.8,714.96,507.327,0.0,1491.5,1099.4,0.0
47,16-Feb,5,80-100%,58.4,9.8,714.96,507.314,0.0,1491.6,1099.4,0.0
48,17-Feb,5,80-100%,58.4,9.8,714.96,507.302,0.0,1491.6,1099.4,0.0
49,18-Feb,5,80-100%,58.4,9.8,714.96,507.3,0.0,1479.6,1099.4,0.0
50,19-Feb,5,80-100%,58.4,9.8,714.96,507.305,0.0,1470.9,1099.4,0.0
51,20-Feb,5,80-100%,58.4,9.8,714.96,507.31,0.0,1470.9,1099.4,0.0
52,21-Feb,5,80-100%,58.4,9.8,714.96,507.315,0.0,1470.9,1099.4,0.0
53,22-Feb,5,80-100%,56.6,8.9,714.96,507.32,0.0,1413.0,1037.1,0.0
54,23-Feb,5,80-100%,56.6,8.9,714.96,507.325,0.0,1413.0,1037.1,0.0
55,24-Feb,5,80-100%,56.6,8.9,714.96,507.33,0.0,1413.0,1037.1,0.0
56,25-Feb,5,80-100%,56.6,8.9,714.96,507.335,0.0,1413.0,1037.1,0.0
57,26-Feb,5,80-100%,56.6,8.9,714.93,507.501,0.0,1409.3,1344.0,0.0
58,27-Feb,5,80-100%,56.6,8.9,714.93,507.513,0.0,1405.4,1037.0,0.0
59,28-Feb,5,80-100%,56.6,8.9,714.93,507.525,0.0,1405.4,1037.0,0.0
60,01-Mar,5,80-100%,53.1,8.8,714.93,507.519,0.0,1349.0,913.4,0.0
61,02-Mar,5,80-100%,53.1,8.8,714.93,507.512,0.0,1349.0,913.4,0.0
62,03-Mar,5,80-100%,53.1,8.8,714.93,507.506,0.0,1349.0,913.4,0.0
63,04-Mar,5,80-100%,53.1,8.8,714.93,507.669,0.0,1149.9,913.4,0.0
64,05-Mar,5,80-100%,53.1,8.8,714.93,507.493,0.0,1548.8,913.4,0.0
65,06-Mar,5,80-100%,53.1,8.8,714.93,507.486,0.0,1349.0,913.4,0.0
66,07-Mar,5,80-100%,53.1,8.8,714.93,507.48,0.0,1349.0,913.4,0.0
67,08-Mar,5,80-100%,51.5,9.8,714.93,507.472,0.0,1336.9,855.7,0.0
68,09-Mar,5,80-100%,51.5,9.8,714.93,507.463,0.0,1336.9,855.7,0.0
69,10-Mar,5,80-100%,51.5,9.8,714.93,507.455,0.0,1336.9,855.7,0.0
70,11-Mar,5,80-100%,51.5,9.8,714.93,507.449,0.0,1333.8,855.7,0.0
71,12-Mar,5,80-100%,51.5,9.8,714.93,507.458,0.0,1315.9,855.7,0.0
72,13-Mar,5,80-100%,51.5,9.8,714.93,507.468,0.0,1315.9,855.7,0.0
73,14-Mar,5,80-100%,51.5,9.8,714.93,507.477,0.0,1315.8,855.7,0.0
74,15-Mar,5,80-100%,51.5,9.8,714.93,507.502,0.0,1315.8,886.5,0.0
75,16-Mar,5,80-100%,56.3,9.6,714.92,507.516,0.0,1463.2,1107.6,0.0
76,17-Mar,5,80-100%,56.3,9.6,714.92,507.488,0.0,1463.2,1026.7,0.0
77,18-Mar,5,80-100%,56.3,9.6,714.91,507.525,0.0,1460.8,1147.7,0.0
78,19-Mar,5,80-100%,56.3,9.6,714.91,507.506,0.0,1452.2,1026.7,0.0
79,20-Mar,5,80-100%,56.3,9.6,714.91,507.487,0.0,1452.2,1026.7,0.0
80,21-Mar,5,80-100%,56.3,9.6,714.9,507.531,0.0,1452.1,1144.9,0.0
81,22-Mar,5,80-100%,56.3,9.6,714.9,507.512,0.0,1452.1,1026.6,0.0
82,23-Mar,5,80-100%,56.3,9.6,714.9,507.496,0.0,1448.6,1026.6,0.0
83,24-Mar,5,80-100%,51.4,7.7,714.87,507.56,0.0,1342.9,1073.7,0.0
84,25-Mar,5,80-100%,51.4,7.7,714.87,507.51,0.0,1343.0,854.4,0.0
85,26-Mar,5,80-100%,51.4,7.7,714.87,507.466,0.0,1334.6,854.4,0.0
86,27-Mar,5,80-100%,51.4,7.7,714.87,507.447,0.0,1304.2,854.4,0.0
87,28-Mar,5,80-100%,51.4,7.7,714.87,507.451,0.0,1277.4,854.4,0.0
88,29-Mar,5,80-100%,51.4,7.7,714.86,507.532,0.0,1269.2,986.4,0.0
89,30-Mar,5,80-100%,51.4,7.7,714.86,507.542,0.0,1269.2,854.4,0.0
90,31-Mar,5,80-100%,51.4,7.7,714.86,507.553,0.0,1269.2,854.4,0.0
91,01-Apr,5,80-100%,56.3,9.4,714.86,507.546,0.0,1434.0,1026.1,0.0
92,02-Apr,5,80-100%,56.3,9.4,714.86,507.539,0.0,1434.0,1026.1,0.0
93,03-Apr,5,80-100%,56.3,9.4,714.86,507.533,0.0,1434.0,1026.1,0.0
94,04-Apr,5,80-100%,56.3,9.4,714.86,507.538,0.0,1434.0,1049.2,0.0
95,05-Apr,5,80-100%,56.3,9.4,714.86,507.531,0.0,1434.0,1026.1,0.0
96,06-Apr,5,80-100%,56.3,9.4,714.86,507.525,0.0,1434.0,1026.1,0.0
97,07-Apr,5,80-100%,56.3,9.4,714.86,507.518,0.0,1434.0,1026.1,0.0
98,08-Apr,5,80-100%,61.0,11.7,714.86,507.498,0.0,1600.2,1191.1,0.0
99,09-Apr,5,80-100%,61.0,11.7,714.84,507.601,0.0,1600.1,1426.5,0.0
100,10-Apr,5,80-100%,61.0,11.7,714.84,507.59,0.0,1590.4,1191.1,0.0
101,11-Apr,5,80-100%,61.0,11.7,714.84,507.579,0.0,1590.3,1191.1,0.0
102,12-Apr,5,80-100%,61.0,11.7,714.84,507.567,0.0,1590.3,1191.1,0.0
103,13-Apr,5,80-100%,61.0,11.7,714.84,507.556,0.0,1590.3,1191.1,0.0
104,14-Apr,5,80-100%,61.0,11.7,714.84,507.558,0.0,1574.5,1191.1,0.0
105,15-Apr,5,80-100%,61.0,11.7,714.84,507.57,0.0,1562.1,1191.1,0.0
106,16-Apr,5,80-100%,62.3,13.5,714.84,507.592,0.0,1618.4,1236.1,0.0
107,17-Apr,5,80-100%,62.3,13.5,714.84,507.614,0.0,1618.3,1236.1,0.0
108,18-Apr,5,80-100%,62.3,13.5,714.84,507.636,0.0,1618.3,1236.1,0.0
109,19-Apr,5,80-100%,62.3,13.5,714.84,507.672,0.0,1601.5,1236.1,0.0
110,20-Apr,5,80-100%,62.3,13.5,714.81,507.879,0.0,1584.5,1536.6,0.0
111,21-Apr,5,80-100%,62.3,13.5,714.81,507.93,0.0,1584.5,1236.1,0.0
112,22-Apr,5,80-100%,62.3,13.5,714.81,508.001,0.0,1561.7,1236.1,0.0
113,23-Apr,5,80-100%,59.1,11.4,714.81,508.05,0.0,1472.7,1124.3,0.0
114,24-Apr,5,80-100%,59.1,11.4,714.81,508.119,0.0,1448.7,1124.3,0.0
115,25-Apr,5,80-100%,59.1,11.4,714.81,508.214,0.0,1418.0,1124.3,0.0
116,26-Apr,5,80-100%,59.1,11.4,714.81,508.342,0.0,1379.0,1124.3,0.0
117,27-Apr,5,80-100%,59.1,11.4,714.79,508.559,0.0,1378.8,1293.3,0.0
118,28-Apr,5,80-100%,59.1,11.4,714.79,508.687,0.0,1378.7,1124.2,0.0
119,29-Apr,5,80-100%,59.1,11.4,714.79,508.815,0.0,1378.6,1124.2,0.0
120,30-Apr,5,80-100%,59.1,11.4,714.79,509.013,0.0,1330.6,1179.5,0.0
121,01-May,5,80-100%,66.0,12.3,714.85,509.093,0.0,1180.1,662.9,0.0
122,02-May,5,80-100%,66.0,12.3,714.92,509.176,0.0,1180.0,680.0,0.0
123,03-May,5,80-100%,66.0,12.3,715.0,509.142,0.0,1180.0,448.9,0.0
124,04-May,5,80-100%,66.0,12.3,715.09,509.107,0.0,1180.0,448.9,0.0
125,05-May,5,80-100%,66.0,12.3,715.17,509.089,0.0,1180.0,479.7,0.0
126,06-May,5,80-100%,66.0,12.3,715.24,509.137,0.0,1180.0,606.2,0.0
127,07-May,5,80-100%,66.0,12.3,715.3,509.243,0.0,1180.1,722.5,0.0
128,08-May,5,80-100%,70.4,12.7,715.4,509.185,0.0,1188.8,405.6,0.0
129,09-May,5,80-100%,70.4,12.7,715.51,509.098,0.0,1189.0,347.2,0.0
130,10-May,5,80-100%,70.4,12.7,715.63,508.966,0.0,1189.2,262.5,0.0
131,11-May,5,80-100%,70.4,12.7,715.76,508.73,0.0,1189.4,56.7,0.0
132,12-May,5,80-100%,70.4,12.7,715.77,509.184,0.0,1188.8,1414.7,0.0
133,13-May,5,80-100%,70.4,12.7,715.87,509.125,0.0,1188.9,402.6,0.0
134,14-May,5,80-100%,70.4,12.7,715.98,509.023,0.0,1187.3,318.1,0.0
135,15-May,5,80-100%,70.4,12.7,716.09,508.926,0.0,1173.1,304.7,0.0
136,16-May,5,80-100%,75.4,13.2,716.22,508.79,0.0,1177.5,219.1,0.0
137,17-May,5,80-100%,75.4,13.2,716.37,508.568,0.0,1177.7,49.8,0.0
138,18-May,5,80-100%,75.4,13.2,716.53,508.318,0.0,1177.9,0.0,0.0
139,19-May,5,80-100%,75.4,13.2,716.65,508.208,0.0,1177.7,271.7,0.0
140,20-May,5,80-100%,75.4,13.2,716.8,507.957,0.0,1177.9,0.0,0.0
141,21-May,5,80-100%,75.4,13.2,716.95,507.703,0.0,1178.1,0.0,0.0
142,22-May,5,80-100%,75.4,13.2,717.1,507.447,0.0,1178.3,0.0,0.0
143,23-May,5,80-100%,75.4,13.2,717.25,507.188,0.0,1178.5,0.0,0.0
144,24-May,5,80-100%,95.1,21.7,717.46,507.0,0.0,1277.2,0.0,0.0
145,25-May,5,80-100%,95.1,21.7,717.06,507.096,6987.9,5179.6,0.0,0.0
146,26-May,5,80-100%,95.1,21.7,716.66,507.192,6932.7,5159.2,0.0,0.0
147,27-May,5,80-100%,95.1,21.7,716.31,507.0,6321.1,5138.9,0.0,0.0
148,28-May,5,80-100%,95.1,21.7,715.92,507.044,6736.4,5118.8,0.0,0.0
149,29-May,5,80-100%,95.1,21.7,715.52,507.138,6780.8,5098.9,0.0,0.0
150,30-May,5,80-100%,95.1,21.7,715.12,507.231,6727.9,5079.1,0.0,0.0
151,31-May,5,80-100%,95.1,21.7,714.73,507.231,6494.2,5060.0,0.0,0.0
152,01-Jun,5,80-100%,133.3,18.1,714.36,507.349,7662.9,5582.5,0.0,0.0
153,02-Jun,5,80-100%,133.3,18.1,713.99,507.462,7607.6,5565.3,0.0,0.0
154,03-Jun,5,80-100%,133.3,18.1,713.64,507.462,7347.0,5549.5,0.0,0.0
155,04-Jun,5,80-100%,133.3,18.1,713.28,507.462,7309.4,5534.3,0.0,0.0
156,05-Jun,5,80-100%,133.3,18.1,713.0,507.09,6578.2,5520.5,0.0,0.0
157,06-Jun,5,80-100%,133.3,18.1,712.61,507.281,7619.5,5507.3,0.0,0.0
158,07-Jun,5,80-100%,133.3,18.1,712.22,507.462,7564.8,5494.9,0.0,0.0
159,08-Jun,5,80-100%,127.7,21.3,711.82,507.438,7503.8,5778.6,0.0,0.0
160,09-Jun,5,80-100%,127.7,21.3,711.41,507.408,7466.8,5768.6,0.0,0.0
161,10-Jun,5,80-100%,127.7,21.3,711.0,507.373,7430.3,5758.8,0.0,0.0
162,11-Jun,5,80-100%,127.7,21.3,710.59,507.392,7394.2,5681.9,0.0,0.0
163,12-Jun,5,80-100%,127.7,21.3,710.21,507.258,7034.6,5650.6,0.0,0.0
164,13-Jun,5,80-100%,127.7,21.3,709.81,507.291,7219.9,5572.6,0.0,0.0
165,14-Jun,5,80-100%,127.7,21.3,709.44,507.208,6874.8,5495.0,0.0,0.0
166,15-Jun,5,80-100%,127.7,21.3,709.09,507.231,6733.4,5281.2,0.0,0.0
167,16-Jun,5,80-100%,158.5,28.5,708.75,507.267,7640.0,6004.9,0.0,0.0
168,17-Jun,5,80-100%,158.5,28.5,708.45,507.096,7129.0,5928.8,0.0,0.0
169,18-Jun,5,80-100%,158.5,28.5,708.13,507.127,7381.1,5853.3,0.0,0.0
170,19-Jun,5,80-100%,158.5,28.5,707.81,507.206,7360.0,5789.5,0.0,0.0
171,20-Jun,5,80-100%,158.5,28.5,707.54,507.126,6774.3,5616.4,0.0,0.0
172,21-Jun,5,80-100%,158.5,28.5,707.24,507.231,7105.9,5609.3,0.0,0.0
173,22-Jun,5,80-100%,158.5,28.5,706.97,507.231,6777.0,5534.2,0.0,0.0
174,23-Jun,5,80-100%,181.5,27.4,706.73,507.29,7286.4,5772.9,0.0,0.0
175,24-Jun,5,80-100%,181.5,27.4,706.49,507.349,7270.2,5766.9,0.0,0.0
176,25-Jun,5,80-100%,181.5,27.4,706.25,507.409,7147.1,5692.7,0.0,0.0
177,26-Jun,5,80-100%,181.5,27.4,706.04,507.348,6903.7,5687.2,0.0,0.0
178,27-Jun,5,80-100%,181.5,27.4,705.8,507.462,7225.6,5681.8,0.0,0.0
179,28-Jun,5,80-100%,181.5,27.4,705.59,507.462,6881.1,5608.1,0.0,0.0
180,29-Jun,5,80-100%,181.5,27.4,705.44,507.17,6322.1,5603.2,0.0,0.0
181,30-Jun,5,80-100%,181.5,27.4,705.21,507.231,6988.9,5598.4,0.0,0.0
182,01-Jul,5,80-100%,174.3,25.9,704.96,507.111,6953.7,5762.8,0.0,0.0
183,02-Jul,5,80-100%,174.3,25.9,704.7,507.09,7105.2,5739.5,0.0,0.0
184,03-Jul,5,80-100%,174.3,25.9,704.45,507.139,7010.6,5603.1,0.0,0.0
185,04-Jul,5,80-100%,174.3,25.9,704.18,507.231,7075.6,5597.9,0.0,0.0
186,05-Jul,5,80-100%,174.3,25.9,703.96,507.05,6534.5,5592.8,0.0,0.0
187,06-Jul,5,80-100%,174.3,25.9,703.7,507.139,7046.2,5587.6,0.0,0.0
188,07-Jul,5,80-100%,174.3,25.9,703.43,507.231,7031.6,5582.5,0.0,0.0
189,08-Jul,5,80-100%,165.2,21.8,703.15,507.215,6880.3,5540.1,0.0,0.0
190,09-Jul,5,80-100%,165.2,21.8,702.86,507.197,6860.5,5535.0,0.0,0.0
191,10-Jul,5,80-100%,165.2,21.8,702.58,507.177,6840.7,5529.9,0.0,0.0
192,11-Jul,5,80-100%,165.2,21.8,702.29,507.155,6821.0,5524.8,0.0,0.0
193,12-Jul,5,80-100%,165.2,21.8,702.01,507.131,6801.3,5519.8,0.0,0.0
194,13-Jul,5,80-100%,165.2,21.8,701.72,507.104,6781.7,5514.7,0.0,0.0
195,14-Jul,5,80-100%,165.2,21.8,701.43,507.075,6762.1,5509.6,0.0,0.0
196,15-Jul,5,80-100%,165.2,21.8,701.14,507.043,6742.6,5504.5,0.0,0.0
197,16-Jul,5,80-100%,163.3,25.4,700.85,507.001,6653.1,5544.0,0.0,0.0
198,17-Jul,5,80-100%,163.3,25.4,700.56,507.002,6633.9,5486.6,0.0,0.0
199,18-Jul,5,80-100%,163.3,25.4,700.27,507.002,6616.5,5480.9,0.0,0.0
200,19-Jul,5,80-100%,163.3,25.4,699.98,507.002,6599.1,5475.2,0.0,0.0
201,20-Jul,5,80-100%,163.3,25.4,699.69,507.002,6581.7,5469.5,0.0,0.0
202,21-Jul,5,80-100%,163.3,25.4,699.39,507.001,6564.4,5463.8,0.0,0.0
203,22-Jul,5,80-100%,163.3,25.4,699.1,507.0,6547.0,5458.1,0.0,0.0
204,23-Jul,5,80-100%,163.3,25.4,698.81,507.0,6529.8,5450.8,0.0,0.0
205,24-Jul,5,80-100%,161.9,20.5,698.51,507.0,6468.1,5308.2,0.0,0.0
206,25-Jul,5,80-100%,161.9,20.5,698.21,507.0,6451.0,5302.1,0.0,0.0
207,26-Jul,5,80-100%,161.9,20.5,697.93,507.0,6326.7,5227.7,0.0,0.0
208,27-Jul,5,80-100%,161.9,20.5,697.64,507.0,6310.3,5221.9,0.0,0.0
209,28-Jul,5,80-100%,161.9,20.5,697.35,507.0,6293.9,5216.1,0.0,0.0
210,29-Jul,5,80-100%,161.9,20.5,697.07,507.0,6277.5,5210.3,0.0,0.0
211,30-Jul,5,80-100%,161.9,20.5,696.78,507.0,6261.1,5204.5,0.0,0.0
212,31-Jul,5,80-100%,161.9,20.5,696.49,507.0,6244.7,5198.7,0.0,0.0
213,01-Aug,5,80-100%,167.6,21.1,696.2,507.056,6415.0,5266.0,0.0,0.0
214,02-Aug,5,80-100%,167.6,21.1,695.91,507.111,6398.4,5260.6,0.0,0.0
215,03-Aug,5,80-100%,167.6,21.1,695.63,507.119,6294.6,5255.2,0.0,0.0
216,04-Aug,5,80-100%,167.6,21.1,695.34,507.175,6365.4,5249.8,0.0,0.0
217,05-Aug,5,80-100%,167.6,21.1,695.04,507.231,6348.9,5244.5,0.0,0.0
218,06-Aug,5,80-100%,167.6,21.1,694.78,507.174,6123.9,5239.1,0.0,0.0
219,07-Aug,5,80-100%,167.6,21.1,694.49,507.231,6315.9,5233.7,0.0,0.0
220,08-Aug,5,80-100%,185.0,21.9,694.2,507.138,6826.4,5782.9,0.0,0.0
221,09-Aug,5,80-100%,185.0,21.9,693.95,507.0,6569.7,5662.1,0.0,0.0
222,10-Aug,5,80-100%,185.0,21.9,693.73,507.023,6408.9,5366.5,0.0,0.0
223,11-Aug,5,80-100%,185.0,21.9,693.55,507.046,6115.3,5172.3,0.0,0.0
224,12-Aug,5,80-100%,185.0,21.9,693.4,507.048,5970.1,5103.8,0.0,0.0
225,13-Aug,5,80-100%,185.0,21.9,693.28,507.0,5761.4,5026.6,0.0,0.0
226,14-Aug,5,80-100%,185.0,21.9,693.19,507.0,5595.7,4860.8,0.0,0.0
227,15-Aug,5,80-100%,185.0,21.9,693.1,507.0,5586.0,4859.3,0.0,0.0
228,16-Aug,5,80-100%,260.9,33.7,693.03,507.302,7862.7,6329.3,0.0,0.0
229,17-Aug,5,80-100%,260.9,33.7,693.14,507.0,6821.6,6328.3,0.0,0.0
230,18-Aug,5,80-100%,260.9,33.7,693.16,507.0,7348.2,6327.3,0.0,0.0
231,19-Aug,5,80-100%,260.9,33.7,693.1,507.293,7772.3,6280.8,0.0,0.0
232,20-Aug,5,80-100%,260.9,33.7,693.22,507.0,6685.4,6234.3,0.0,0.0
233,21-Aug,5,80-100%,260.9,33.7,693.25,507.0,7201.5,6233.8,0.0,0.0
234,22-Aug,5,80-100%,260.9,33.7,693.31,507.0,7078.3,6151.5,0.0,0.0
235,23-Aug,5,80-100%,260.9,33.7,693.36,507.0,7063.4,6145.1,0.0,0.0
236,24-Aug,5,80-100%,218.8,24.0,693.31,507.044,6440.5,5453.8,0.0,0.0
237,25-Aug,5,80-100%,218.8,24.0,693.25,507.088,6429.3,5453.3,0.0,0.0
238,26-Aug,5,80-100%,218.8,24.0,693.2,507.133,6418.0,5452.9,0.0,0.0
239,27-Aug,5,80-100%,218.8,24.0,693.13,507.219,6477.7,5452.5,0.0,0.0
240,28-Aug,5,80-100%,218.8,24.0,693.07,507.281,6425.5,5452.0,0.0,0.0
241,29-Aug,5,80-100%,218.8,24.0,693.04,507.256,6257.5,5451.6,0.0,0.0
242,30-Aug,5,80-100%,218.8,24.0,693.07,507.0,5831.1,5442.3,0.0,0.0
243,31-Aug,5,80-100%,218.8,24.0,693.03,507.043,6314.5,5412.8,0.0,0.0
244,01-Sep,5,80-100%,216.3,20.8,692.98,507.148,6233.6,5210.6,0.0,0.0
245,02-Sep,5,80-100%,216.3,20.8,693.01,507.0,5781.6,5207.8,0.0,0.0
246,03-Sep,5,80-100%,216.3,20.8,692.99,507.0,6040.6,5207.4,0.0,0.0
247,04-Sep,5,80-100%,216.3,20.8,692.95,507.106,6215.5,5208.0,0.0,0.0
248,05-Sep,5,80-100%,216.3,20.8,692.9,507.211,6205.5,5208.7,0.0,0.0
249,06-Sep,5,80-100%,216.3,20.8,692.91,507.124,5851.5,5206.1,0.0,0.0
250,07-Sep,5,80-100%,216.3,20.8,692.87,507.231,6192.5,5205.6,0.0,0.0
251,08-Sep,5,80-100%,256.1,23.7,693.02,507.105,6280.0,5618.3,0.0,0.0
252,09-Sep,5,80-100%,256.1,23.7,693.11,507.202,6623.0,5586.4,0.0,0.0
253,10-Sep,5,80-100%,256.1,23.7,693.24,507.231,6322.1,5460.7,0.0,0.0
254,11-Sep,5,80-100%,256.1,23.7,693.42,507.0,5871.6,5459.8,0.0,0.0
255,12-Sep,5,80-100%,256.1,23.7,693.49,507.176,6600.0,5458.8,0.0,0.0
256,13-Sep,5,80-100%,256.1,23.7,693.64,507.0,5973.0,5457.9,0.0,0.0
257,14-Sep,5,80-100%,256.1,23.7,693.71,507.16,6587.1,5457.0,0.0,0.0
258,15-Sep,5,80-100%,256.1,23.7,693.79,507.231,6425.8,5456.1,0.0,0.0
259,16-Sep,5,80-100%,226.2,23.4,693.8,507.0,5958.0,5523.4,0.0,0.0
260,17-Sep,5,80-100%,226.2,23.4,693.74,507.153,6670.1,5522.5,0.0,0.0
261,18-Sep,5,80-100%,226.2,23.4,693.69,507.231,6521.3,5521.6,0.0,0.0
262,19-Sep,5,80-100%,226.2,23.4,693.7,507.0,5944.5,5520.7,0.0,0.0
263,20-Sep,5,80-100%,226.2,23.4,693.64,507.151,6655.9,5519.8,0.0,0.0
264,21-Sep,5,80-100%,226.2,23.4,693.59,507.231,6513.5,5518.9,0.0,0.0
265,22-Sep,5,80-100%,226.2,23.4,693.56,507.231,6356.9,5518.0,0.0,0.0
266,23-Sep,5,80-100%,236.0,20.0,693.48,507.207,7026.2,5942.9,0.0,0.0
267,24-Sep,5,80-100%,236.0,20.0,693.41,507.18,6968.1,5907.2,0.0,0.0
268,25-Sep,5,80-100%,236.0,20.0,693.36,507.151,6886.1,5854.9,0.0,0.0
269,26-Sep,5,80-100%,236.0,20.0,693.3,507.121,6879.8,5854.5,0.0,0.0
270,27-Sep,5,80-100%,236.0,20.0,693.25,507.089,6874.1,5854.0,0.0,0.0
271,28-Sep,5,80-100%,236.0,20.0,693.19,507.057,6868.4,5853.6,0.0,0.0
272,29-Sep,5,80-100%,236.0,20.0,693.14,507.023,6857.0,5849.1,0.0,0.0
273,30-Sep,5,80-100%,236.0,20.0,693.12,507.0,6622.1,5683.5,0.0,0.0
274,01-Oct,5,80-100%,248.3,20.6,693.14,507.0,6742.3,5759.9,0.0,0.0
275,02-Oct,5,80-100%,248.3,20.6,693.15,507.051,6823.2,5759.4,0.0,0.0
276,03-Oct,5,80-100%,248.3,20.6,693.12,507.231,7031.5,5758.8,0.0,0.0
277,04-Oct,5,80-100%,248.3,20.6,693.14,507.231,6725.9,5758.3,0.0,0.0
278,05-Oct,5,80-100%,248.3,20.6,693.23,507.0,6347.0,5757.7,0.0,0.0
279,06-Oct,5,80-100%,248.3,20.6,693.24,507.061,6840.7,5757.2,0.0,0.0
280,07-Oct,5,80-100%,248.3,20.6,693.21,507.231,7019.5,5756.7,0.0,0.0
281,08-Oct,5,80-100%,255.2,21.6,693.2,507.231,7145.3,6068.6,0.0,0.0
282,09-Oct,5,80-100%,255.2,21.6,693.24,507.031,6812.1,6068.1,0.0,0.0
283,10-Oct,5,80-100%,255.2,21.6,693.2,507.131,7317.6,6067.6,0.0,0.0
284,11-Oct,5,80-100%,255.2,21.6,693.16,507.231,7312.1,6067.1,0.0,0.0
285,12-Oct,5,80-100%,255.2,21.6,693.22,507.0,6752.4,6066.6,0.0,0.0
286,13-Oct,5,80-100%,255.2,21.6,693.2,507.0,7149.3,6066.1,0.0,0.0
287,14-Oct,5,80-100%,255.2,21.6,693.19,507.0,7146.8,6065.6,0.0,0.0
288,15-Oct,5,80-100%,255.2,21.6,693.15,507.1,7308.3,6065.2,0.0,0.0
289,16-Oct,5,80-100%,282.1,22.1,693.19,507.02,7613.0,6497.5,0.0,0.0
290,17-Oct,5,80-100%,282.1,22.1,693.21,507.039,7784.3,6497.5,0.0,0.0
291,18-Oct,5,80-100%,282.1,22.1,693.23,507.058,7783.8,6497.5,0.0,0.0
292,19-Oct,5,80-100%,282.1,22.1,693.25,507.076,7783.4,6497.5,0.0,0.0
293,20-Oct,5,80-100%,282.1,22.1,693.27,507.094,7783.0,6497.5,0.0,0.0
294,21-Oct,5,80-100%,282.1,22.1,693.21,507.387,8233.0,6497.5,0.0,0.0
295,22-Oct,5,80-100%,282.1,22.1,693.18,507.59,8073.9,6497.5,0.0,0.0
296,23-Oct,5,80-100%,282.1,22.1,693.27,507.349,7315.3,6497.5,0.0,0.0
297,24-Oct,5,80-100%,270.3,22.9,693.22,507.49,7827.3,6422.5,0.0,0.0
298,25-Oct,5,80-100%,270.3,22.9,693.25,507.347,7307.3,6396.2,0.0,0.0
299,26-Oct,5,80-100%,270.3,22.9,693.17,507.655,7958.3,6322.0,0.0,0.0
300,27-Oct,5,80-100%,270.3,22.9,693.18,507.65,7418.4,6321.6,0.0,0.0
301,28-Oct,5,80-100%,270.3,22.9,693.31,507.238,6741.7,6321.2,0.0,0.0
302,29-Oct,5,80-100%,270.3,22.9,693.24,507.532,7912.2,6295.2,0.0,0.0
303,30-Oct,5,80-100%,270.3,22.9,693.42,507.0,6411.8,6221.7,0.0,0.0
304,31-Oct,5,80-100%,270.3,22.9,693.45,507.0,7335.9,6221.3,0.0,0.0
305,01-Nov,5,80-100%,255.5,22.1,693.38,507.278,7454.9,5965.1,0.0,0.0
306,02-Nov,5,80-100%,255.5,22.1,693.33,507.496,7341.3,5964.6,0.0,0.0
307,03-Nov,5,80-100%,255.5,22.1,693.32,507.585,7108.4,5964.2,0.0,0.0
308,04-Nov,5,80-100%,255.5,22.1,693.37,507.414,6665.1,5963.8,0.0,0.0
309,05-Nov,5,80-100%,255.5,22.1,693.31,507.692,7441.3,5963.3,0.0,0.0
310,06-Nov,5,80-100%,255.5,22.1,693.39,507.417,6484.6,5962.9,0.0,0.0
311,07-Nov,5,80-100%,255.5,22.1,693.33,507.692,7440.3,5962.5,0.0,0.0
312,08-Nov,5,80-100%,241.4,17.8,693.35,507.646,6482.5,5590.2,0.0,0.0
313,09-Nov,5,80-100%,241.4,17.8,693.36,507.597,6483.4,5589.8,0.0,0.0
314,10-Nov,5,80-100%,241.4,17.8,693.49,507.084,5701.0,5589.3,0.0,0.0
315,11-Nov,5,80-100%,241.4,17.8,693.5,507.031,6518.0,5588.9,0.0,0.0
316,12-Nov,5,80-100%,241.4,17.8,693.51,507.0,6518.6,5559.4,0.0,0.0
317,13-Nov,5,80-100%,241.4,17.8,693.48,507.216,6832.6,5485.1,0.0,0.0
318,14-Nov,5,80-100%,241.4,17.8,693.45,507.457,6817.1,5448.3,0.0,0.0
319,15-Nov,5,80-100%,241.4,17.8,693.56,507.095,5761.1,5447.8,0.0,0.0
320,16-Nov,5,80-100%,209.6,15.2,693.53,507.107,5845.3,4972.0,0.0,0.0
321,17-Nov,5,80-100%,209.6,15.2,693.5,507.12,5842.5,4971.6,0.0,0.0
322,18-Nov,5,80-100%,209.6,15.2,693.47,507.132,5839.6,4971.1,0.0,0.0
323,19-Nov,5,80-100%,209.6,15.2,693.41,507.244,6013.9,4970.7,0.0,0.0
324,20-Nov,5,80-100%,209.6,15.2,693.41,507.156,5622.5,4951.8,0.0,0.0
325,21-Nov,5,80-100%,209.6,15.2,693.4,507.167,5700.4,4880.6,0.0,0.0
326,22-Nov,5,80-100%,209.6,15.2,693.39,507.179,5698.4,4880.6,0.0,0.0
327,23-Nov,5,80-100%,184.1,13.5,693.35,507.181,5160.7,4468.5,0.0,0.0
328,24-Nov,5,80-100%,184.1,13.5,693.31,507.176,5148.3,4468.5,0.0,0.0
329,25-Nov,5,80-100%,184.1,13.5,693.27,507.231,5150.3,4401.5,0.0,0.0
330,26-Nov,5,80-100%,184.1,13.5,693.25,507.231,4999.1,4373.2,0.0,0.0
331,27-Nov,5,80-100%,184.1,13.5,693.28,507.074,4613.0,4299.5,0.0,0.0
332,28-Nov,5,80-100%,184.1,13.5,693.26,507.152,5045.3,4299.5,0.0,0.0
333,29-Nov,5,80-100%,184.1,13.5,693.24,507.231,5042.0,4299.5,0.0,0.0
334,30-Nov,5,80-100%,184.1,13.5,693.24,507.231,4893.0,4299.5,0.0,0.0
335,01-Dec,5,80-100%,155.8,14.0,693.22,507.23,4163.2,3793.7,0.0,0.0
336,02-Dec,5,80-100%,155.8,14.0,693.2,507.229,4160.2,3793.7,0.0,0.0
337,03-Dec,5,80-100%,155.8,14.0,693.18,507.227,4157.2,3793.7,0.0,0.0
338,04-Dec,5,80-100%,155.8,14.0,693.16,507.224,4154.2,3793.7,0.0,0.0
339,05-Dec,5,80-100%,155.8,14.0,693.14,507.221,4151.2,3793.7,0.0,0.0
340,06-Dec,5,80-100%,155.8,14.0,693.13,507.217,4148.2,3793.7,0.0,0.0
341,07-Dec,5,80-100%,155.8,14.0,693.11,507.213,4145.3,3793.7,0.0,0.0
342,08-Dec,5,80-100%,137.2,13.5,693.09,507.095,3559.6,3513.3,0.0,0.0
343,09-Dec,5,80-100%,137.2,13.5,693.07,507.0,3557.1,3478.6,0.0,0.0
344,10-Dec,5,80-100%,137.2,13.5,693.05,507.0,3554.6,3365.8,0.0,0.0
345,11-Dec,5,80-100%,137.2,13.5,693.03,507.0,3552.1,3365.2,0.0,0.0
346,12-Dec,5,80-100%,137.2,13.5,693.01,507.0,3549.7,3364.6,0.0,0.0
347,13-Dec,5,80-100%,137.2,13.5,692.99,507.0,3547.3,3364.1,0.0,0.0
348,14-Dec,5,80-100%,137.2,13.5,692.97,507.0,3544.9,3363.5,0.0,0.0
349,15-Dec,5,80-100%,137.2,13.5,692.95,507.0,3542.6,3363.0,0.0,0.0
350,16-Dec,5,80-100%,120.9,13.2,692.93,507.0,3033.5,3003.0,0.0,0.0
351,17-Dec,5,80-100%,120.9,13.2,692.92,507.0,3031.5,3002.4,0.0,0.0
352,18-Dec,5,80-100%,120.9,13.2,692.9,507.0,3029.5,3001.9,0.0,0.0
353,19-Dec,5,80-100%,120.9,13.2,692.88,507.0,3027.6,3001.4,0.0,0.0
354,20-Dec,5,80-100%,120.9,13.2,692.86,507.0,3025.7,3000.9,0.0,0.0
355,21-Dec,5,80-100%,120.9,13.2,692.84,507.0,3023.8,3000.4,0.0,0.0
356,22-Dec,5,80-100%,120.9,13.2,692.82,507.0,3022.0,2999.9,0.0,0.0
357,23-Dec,5,80-100%,120.9,13.2,692.8,507.0,3020.2,2999.4,0.0,0.0
358,24-Dec,5,80-100%,109.3,12.7,692.78,507.0,2657.7,2734.8,0.0,0.0
359,25-Dec,5,80-100%,109.3,12.7,692.76,507.0,2656.3,2734.3,0.0,0.0
360,26-Dec,5,80-100%,109.3,12.7,692.74,507.0,2655.0,2733.8,0.0,0.0
361,27-Dec,5,80-100%,109.3,12.7,692.72,507.0,2653.7,2733.4,0.0,0.0
362,28-Dec,5,80-100%,109.3,12.7,692.7,507.0,2652.5,2732.9,0.0,0.0
363,29-Dec,5,80-100%,109.3,12.7,692.68,507.0,2651.2,2732.5,0.0,0.0
364,30-Dec,5,80-100%,109.3,12.7,692.66,507.0,2650.0,2732.0,0.0,0.0
365,31-Dec,5,80-100%,109.3,12.7,693.04,507.0,424.6,1161.3,0.0,0.0
